partner_iso,period,trade_value_m_usd,net_mass_mt,log_density,partner_id,period_id,treated,post,treat_post
CHN,202301,634.3,136815.83,12.2816,0,0,0,0,0
CHN,202302,530.05,112684.41,12.2671,0,1,0,0,0
CHN,202303,421.19,90586.58,12.2787,0,2,0,0,0
CHN,202304,547.45,120464.62,12.3016,0,3,0,0,0
CHN,202305,559.93,121798.9,12.2901,0,4,0,0,0
CHN,202306,520.08,116145.57,12.3164,0,5,0,0,0
CHN,202307,526.99,114646.29,12.2902,0,6,0,0,0
CHN,202308,506.73,110693.91,12.2943,0,7,0,0,0
CHN,202309,486.53,105521.56,12.2871,0,8,0,0,0
CHN,202310,549.01,120353.61,12.2978,0,9,0,0,0
CHN,202311,530.74,114189.85,12.2791,0,10,0,0,0
CHN,202312,589.68,126421.19,12.2756,0,11,0,0,0
CHN,202401,658.75,142696.24,12.2859,0,12,0,0,0
CHN,202402,593.05,125518.81,12.2627,0,13,0,0,0
CHN,202403,492.86,103544.99,12.2553,0,14,0,0,0
CHN,202404,501.21,106109.23,12.263,0,15,0,0,0
CHN,202405,575.54,122493.53,12.2683,0,16,0,0,0
CHN,202406,572.51,121864.2,12.2684,0,17,0,0,0
CHN,202407,605.12,138870.74,12.3436,0,18,0,0,0
CHN,202408,542.95,123833.87,12.3374,0,19,0,0,0
CHN,202409,507.64,117236.24,12.3499,0,20,0,0,0
CHN,202410,485.82,112069.29,12.3488,0,21,0,0,0
CHN,202411,492.58,112735.71,12.3409,0,22,0,0,0
CHN,202412,571.05,133225.54,12.3601,0,23,0,0,0
CHN,202501,619.37,146906.88,12.3766,0,24,0,0,0
CHN,202502,532.82,121235.83,12.3351,0,25,0,0,0
CHN,202503,472.15,109662.83,12.3556,0,26,0,0,0
CHN,202504,445.88,104888.92,12.3684,0,27,0,1,0
CHN,202505,356.88,82094.77,12.346,0,28,0,1,0
CHN,202506,278.19,66440.91,12.3835,0,29,0,1,0
CHN,202507,395.21,93731.72,12.3765,0,30,0,1,0
CHN,202508,355.59,88297.76,12.4225,0,31,0,1,0
CHN,202509,309.05,75451.07,12.4055,0,32,0,1,0
CHN,202510,313.24,77509.07,12.4189,0,33,0,1,0
CHN,202511,292.37,72289.12,12.4182,0,34,0,1,0
CHN,202512,345.75,85839.09,12.4223,0,35,0,1,0
DEU,202301,28.1,6062.65,12.2819,1,0,0,0,0
DEU,202302,20.12,4429.63,12.3021,1,1,0,0,0
DEU,202303,23.17,5068.26,12.2957,1,2,0,0,0
DEU,202304,25.16,5368.21,12.2708,1,3,0,0,0
DEU,202305,31.86,6673.91,12.2524,1,4,0,0,0
DEU,202306,28.71,6248.23,12.2906,1,5,0,0,0
DEU,202307,31.65,6983.23,12.3043,1,6,0,0,0
DEU,202308,30.92,6507.57,12.2571,1,7,0,0,0
DEU,202309,25.68,5591.41,12.291,1,8,0,0,0
DEU,202310,26.41,5721.88,12.2861,1,9,0,0,0
DEU,202311,25.0,5114.96,12.2288,1,10,0,0,0
DEU,202312,25.23,5087.3,12.2142,1,11,0,0,0
DEU,202401,21.73,4589.84,12.2607,1,12,0,0,0
DEU,202402,20.72,4379.75,12.2614,1,13,0,0,0
DEU,202403,24.04,4997.0,12.2446,1,14,0,0,0
DEU,202404,22.54,4471.72,12.198,1,15,0,0,0
DEU,202405,22.68,4357.1,12.1658,1,16,0,0,0
DEU,202406,25.4,5070.38,12.2042,1,17,0,0,0
DEU,202407,34.27,7079.91,12.2385,1,18,0,0,0
DEU,202408,29.0,6183.92,12.2702,1,19,0,0,0
DEU,202409,23.33,4954.04,12.266,1,20,0,0,0
DEU,202410,23.11,4975.66,12.2798,1,21,0,0,0
DEU,202411,20.79,4333.43,12.2474,1,22,0,0,0
DEU,202412,25.18,5355.27,12.2675,1,23,0,0,0
DEU,202501,18.44,4004.17,12.2883,1,24,0,0,0
DEU,202502,18.68,4098.24,12.2986,1,25,0,0,0
DEU,202503,24.98,5146.52,12.2358,1,26,0,0,0
DEU,202504,26.28,5513.89,12.254,1,27,0,1,0
DEU,202505,31.04,6368.69,12.2316,1,28,0,1,0
DEU,202506,33.13,7079.25,12.2722,1,29,0,1,0
DEU,202507,29.23,6255.89,12.2738,1,30,0,1,0
DEU,202508,22.65,5038.72,12.3125,1,31,0,1,0
DEU,202509,22.15,4740.86,12.2739,1,32,0,1,0
DEU,202510,22.26,4726.98,12.266,1,33,0,1,0
DEU,202511,20.46,4128.43,12.2149,1,34,0,1,0
DEU,202512,23.85,5194.45,12.2913,1,35,0,1,0
IND,202301,62.33,14065.2,12.3268,2,0,0,0,0
IND,202302,50.26,11306.68,12.3237,2,1,0,0,0
IND,202303,54.57,12414.45,12.3349,2,2,0,0,0
IND,202304,55.3,12633.69,12.3391,2,3,0,0,0
IND,202305,55.65,12579.28,12.3285,2,4,0,0,0
IND,202306,53.01,12168.82,12.3439,2,5,0,0,0
IND,202307,61.11,14094.47,12.3486,2,6,0,0,0
IND,202308,63.3,14157.59,12.3179,2,7,0,0,0
IND,202309,62.8,13957.8,12.3116,2,8,0,0,0
IND,202310,56.46,12580.33,12.3141,2,9,0,0,0
IND,202311,53.79,12028.46,12.3177,2,10,0,0,0
IND,202312,56.21,12470.58,12.3098,2,11,0,0,0
IND,202401,46.34,10405.57,12.3219,2,12,0,0,0
IND,202402,47.8,10640.37,12.3131,2,13,0,0,0
IND,202403,62.77,13972.48,12.3131,2,14,0,0,0
IND,202404,63.26,14016.96,12.3085,2,15,0,0,0
IND,202405,58.95,13229.59,12.3213,2,16,0,0,0
IND,202406,54.25,12032.48,12.3095,2,17,0,0,0
IND,202407,52.52,12690.97,12.3952,2,18,0,0,0
IND,202408,47.07,11414.35,12.3988,2,19,0,0,0
IND,202409,60.03,14573.21,12.3999,2,20,0,0,0
IND,202410,61.45,14839.44,12.3946,2,21,0,0,0
IND,202411,63.57,15181.64,12.3835,2,22,0,0,0
IND,202412,65.81,15833.23,12.3909,2,23,0,0,0
IND,202501,55.14,13132.57,12.3807,2,24,0,0,0
IND,202502,49.96,11919.73,12.3825,2,25,0,0,0
IND,202503,65.05,15399.82,12.3747,2,26,0,0,0
IND,202504,61.68,14763.84,12.3857,2,27,0,1,0
IND,202505,58.26,13813.31,12.3762,2,28,0,1,0
IND,202506,47.54,11374.26,12.3853,2,29,0,1,0
IND,202507,57.47,13621.97,12.3759,2,30,0,1,0
IND,202508,59.22,13990.4,12.3726,2,31,0,1,0
IND,202509,52.52,12328.91,12.3663,2,32,0,1,0
IND,202510,41.61,9805.05,12.3701,2,33,0,1,0
IND,202511,49.43,11928.82,12.3939,2,34,0,1,0
IND,202512,40.57,9591.64,12.3734,2,35,0,1,0
JPN,202301,1.23,229.18,12.1353,3,0,0,0,0
JPN,202302,1.99,389.22,12.1838,3,1,0,0,0
JPN,202303,1.16,209.37,12.1034,3,2,0,0,0
JPN,202304,2.35,459.32,12.1831,3,3,0,0,0
JPN,202305,2.19,415.73,12.1539,3,4,0,0,0
JPN,202306,2.28,409.56,12.0987,3,5,0,0,0
JPN,202307,1.52,285.55,12.1435,3,6,0,0,0
JPN,202308,1.91,345.92,12.1069,3,7,0,0,0
JPN,202309,1.68,293.69,12.0715,3,8,0,0,0
JPN,202310,2.54,488.58,12.1671,3,9,0,0,0
JPN,202311,2.96,563.42,12.1566,3,10,0,0,0
JPN,202312,1.4,246.38,12.0782,3,11,0,0,0
JPN,202401,2.76,513.51,12.1338,3,12,0,0,0
JPN,202402,1.88,342.27,12.1121,3,13,0,0,0
JPN,202403,2.3,431.33,12.1417,3,14,0,0,0
JPN,202404,2.65,513.09,12.1737,3,15,0,0,0
JPN,202405,1.27,242.39,12.1593,3,16,0,0,0
JPN,202406,3.5,636.64,12.1112,3,17,0,0,0
JPN,202407,2.74,554.4,12.2177,3,18,0,0,0
JPN,202408,3.96,770.44,12.1785,3,19,0,0,0
JPN,202409,3.09,621.02,12.211,3,20,0,0,0
JPN,202410,5.57,1039.64,12.137,3,21,0,0,0
JPN,202411,2.69,508.81,12.1503,3,22,0,0,0
JPN,202412,3.0,574.66,12.1629,3,23,0,0,0
JPN,202501,3.55,707.16,12.2021,3,24,0,0,0
JPN,202502,2.16,391.89,12.1086,3,25,0,0,0
JPN,202503,1.56,296.68,12.1557,3,26,0,0,0
JPN,202504,1.04,196.04,12.1469,3,27,0,1,0
JPN,202505,1.59,323.21,12.2223,3,28,0,1,0
JPN,202506,1.51,301.39,12.2041,3,29,0,1,0
JPN,202507,2.28,457.85,12.2101,3,30,0,1,0
JPN,202508,1.83,343.01,12.1412,3,31,0,1,0
JPN,202509,1.14,227.32,12.2031,3,32,0,1,0
JPN,202510,1.33,268.55,12.2156,3,33,0,1,0
JPN,202511,1.37,275.53,12.2116,3,34,0,1,0
JPN,202512,1.28,287.47,12.322,3,35,0,1,0
KOR,202301,6.04,1184.23,12.1862,4,0,0,0,0
KOR,202302,6.44,1230.18,12.1601,4,1,0,0,0
KOR,202303,6.11,1073.31,12.0763,4,2,0,0,0
KOR,202304,7.14,1345.09,12.1463,4,3,0,0,0
KOR,202305,9.88,1775.36,12.099,4,4,0,0,0
KOR,202306,9.47,1730.73,12.1159,4,5,0,0,0
KOR,202307,7.92,1361.93,12.055,4,6,0,0,0
KOR,202308,5.91,1059.54,12.0967,4,7,0,0,0
KOR,202309,7.19,1288.63,12.0964,4,8,0,0,0
KOR,202310,7.73,1384.61,12.0958,4,9,0,0,0
KOR,202311,9.62,1649.75,12.0523,4,10,0,0,0
KOR,202312,9.25,1605.53,12.0643,4,11,0,0,0
KOR,202401,8.27,1521.19,12.1224,4,12,0,0,0
KOR,202402,7.95,1382.36,12.0661,4,13,0,0,0
KOR,202403,12.07,2077.29,12.0559,4,14,0,0,0
KOR,202404,13.6,2416.53,12.0878,4,15,0,0,0
KOR,202405,9.22,1655.71,12.0984,4,16,0,0,0
KOR,202406,11.93,2087.57,12.0725,4,17,0,0,0
KOR,202407,8.9,1722.33,12.1731,4,18,0,0,0
KOR,202408,10.71,2086.29,12.1797,4,19,0,0,0
KOR,202409,9.27,1781.26,12.1661,4,20,0,0,0
KOR,202410,8.24,1650.46,12.2076,4,21,0,0,0
KOR,202411,9.52,1865.85,12.1858,4,22,0,0,0
KOR,202412,12.07,2350.65,12.1795,4,23,0,0,0
KOR,202501,11.96,2269.03,12.1533,4,24,0,0,0
KOR,202502,8.45,1625.65,12.1673,4,25,0,0,0
KOR,202503,9.87,2001.77,12.22,4,26,0,0,0
KOR,202504,11.38,2248.76,12.194,4,27,0,1,0
KOR,202505,12.4,2466.67,12.2007,4,28,0,1,0
KOR,202506,8.9,1775.22,12.2034,4,29,0,1,0
KOR,202507,9.38,1982.58,12.2613,4,30,0,1,0
KOR,202508,9.41,1941.1,12.237,4,31,0,1,0
KOR,202509,8.6,1848.39,12.2781,4,32,0,1,0
KOR,202510,8.0,1777.55,12.3113,4,33,0,1,0
KOR,202511,8.55,1845.71,12.2824,4,34,0,1,0
KOR,202512,7.88,1797.99,12.3379,4,35,0,1,0
MEX,202301,239.63,55515.56,12.3531,5,0,0,0,0
MEX,202302,210.18,49091.79,12.3612,5,1,0,0,0
MEX,202303,217.76,51649.24,12.3766,5,2,0,0,0
MEX,202304,183.01,43922.42,12.3884,5,3,0,0,0
MEX,202305,205.43,49013.92,12.3825,5,4,0,0,0
MEX,202306,213.42,48937.42,12.3428,5,5,0,0,0
MEX,202307,195.07,42829.19,12.2994,5,6,0,0,0
MEX,202308,209.13,47410.02,12.3314,5,7,0,0,0
MEX,202309,194.39,44451.76,12.3401,5,8,0,0,0
MEX,202310,214.03,49138.2,12.344,5,9,0,0,0
MEX,202311,210.63,47194.31,12.3197,5,10,0,0,0
MEX,202312,173.13,39795.11,12.3452,5,11,0,0,0
MEX,202401,166.36,39245.34,12.3712,5,12,0,0,0
MEX,202402,176.83,40535.23,12.3425,5,13,0,0,0
MEX,202403,191.0,42376.92,12.3098,5,14,0,0,0
MEX,202404,188.58,43567.2,12.3503,5,15,0,0,0
MEX,202405,201.41,45860.46,12.3358,5,16,0,0,0
MEX,202406,192.71,43035.22,12.3163,5,17,0,0,0
MEX,202407,213.34,50722.6,12.379,5,18,0,0,0
MEX,202408,199.73,49100.0,12.4124,5,19,0,0,0
MEX,202409,182.38,44266.94,12.3997,5,20,0,0,0
MEX,202410,205.8,48942.92,12.3793,5,21,0,0,0
MEX,202411,176.99,42719.06,12.3941,5,22,0,0,0
MEX,202412,167.84,39995.81,12.3813,5,23,0,0,0
MEX,202501,205.55,49273.22,12.3872,5,24,0,0,0
MEX,202502,181.63,43540.23,12.3872,5,25,0,0,0
MEX,202503,174.47,44874.32,12.4576,5,26,0,0,0
MEX,202504,151.45,40252.46,12.4904,5,27,0,1,0
MEX,202505,169.28,42151.34,12.4252,5,28,0,1,0
MEX,202506,159.32,39526.59,12.4216,5,29,0,1,0
MEX,202507,173.11,43284.6,12.4294,5,30,0,1,0
MEX,202508,146.77,40727.0,12.5335,5,31,0,1,0
MEX,202509,149.9,40689.28,12.5115,5,32,0,1,0
MEX,202510,167.12,44909.5,12.5015,5,33,0,1,0
MEX,202511,135.53,37956.65,12.5428,5,34,0,1,0
MEX,202512,133.62,36755.59,12.5248,5,35,0,1,0
MYS,202301,113.28,30152.16,12.4919,6,0,0,0,0
MYS,202302,91.74,23903.44,12.4706,6,1,0,0,0
MYS,202303,96.47,25551.63,12.487,6,2,0,0,0
MYS,202304,89.33,24370.41,12.5165,6,3,0,0,0
MYS,202305,87.57,23960.79,12.5195,6,4,0,0,0
MYS,202306,92.19,25125.25,12.5155,6,5,0,0,0
MYS,202307,86.27,23342.13,12.5083,6,6,0,0,0
MYS,202308,102.91,27512.16,12.4963,6,7,0,0,0
MYS,202309,90.88,24090.48,12.4878,6,8,0,0,0
MYS,202310,110.17,28485.6,12.4629,6,9,0,0,0
MYS,202311,103.98,26643.7,12.4539,6,10,0,0,0
MYS,202312,106.12,27678.41,12.4716,6,11,0,0,0
MYS,202401,103.73,27046.91,12.4713,6,12,0,0,0
MYS,202402,116.28,31003.06,12.4936,6,13,0,0,0
MYS,202403,102.76,27917.11,12.5124,6,14,0,0,0
MYS,202404,101.22,26502.15,12.4754,6,15,0,0,0
MYS,202405,109.96,29524.88,12.5006,6,16,0,0,0
MYS,202406,102.51,26788.69,12.4735,6,17,0,0,0
MYS,202407,104.82,28295.36,12.506,6,18,0,0,0
MYS,202408,91.07,24690.55,12.5103,6,19,0,0,0
MYS,202409,110.16,29204.08,12.4879,6,20,0,0,0
MYS,202410,135.26,36835.32,12.5148,6,21,0,0,0
MYS,202411,133.4,35579.26,12.4939,6,22,0,0,0
MYS,202412,121.95,33191.04,12.5142,6,23,0,0,0
MYS,202501,138.75,37893.33,12.5176,6,24,0,0,0
MYS,202502,114.3,31104.23,12.514,6,25,0,0,0
MYS,202503,129.03,35042.71,12.512,6,26,0,0,0
MYS,202504,129.69,34908.2,12.5031,6,27,0,1,0
MYS,202505,111.11,30152.81,12.5113,6,28,0,1,0
MYS,202506,115.64,34457.41,12.6048,6,29,0,1,0
MYS,202507,127.0,34942.59,12.525,6,30,0,1,0
MYS,202508,122.1,34735.21,12.5584,6,31,0,1,0
MYS,202509,124.23,33151.54,12.4945,6,32,0,1,0
MYS,202510,104.33,30168.5,12.5748,6,33,0,1,0
MYS,202511,97.44,28233.53,12.5768,6,34,0,1,0
MYS,202512,115.7,32723.48,12.5526,6,35,0,1,0
PHL,202301,9.33,1808.12,12.1746,7,0,0,0,0
PHL,202302,5.95,1148.42,12.1705,7,1,0,0,0
PHL,202303,6.32,1177.87,12.1355,7,2,0,0,0
PHL,202304,6.3,1207.89,12.1638,7,3,0,0,0
PHL,202305,4.09,782.13,12.1612,7,4,0,0,0
PHL,202306,5.06,931.71,12.1234,7,5,0,0,0
PHL,202307,5.53,1067.42,12.1706,7,6,0,0,0
PHL,202308,4.06,718.08,12.0832,7,7,0,0,0
PHL,202309,4.98,913.29,12.1194,7,8,0,0,0
PHL,202310,6.11,1117.82,12.117,7,9,0,0,0
PHL,202311,5.19,907.18,12.0714,7,10,0,0,0
PHL,202312,6.45,1219.64,12.15,7,11,0,0,0
PHL,202401,6.3,1161.56,12.1247,7,12,0,0,0
PHL,202402,5.06,976.61,12.1705,7,13,0,0,0
PHL,202403,4.2,729.44,12.065,7,14,0,0,0
PHL,202404,7.56,1453.82,12.1668,7,15,0,0,0
PHL,202405,6.59,1199.59,12.1119,7,16,0,0,0
PHL,202406,5.23,951.58,12.1115,7,17,0,0,0
PHL,202407,6.63,1358.01,12.2299,7,18,0,0,0
PHL,202408,5.34,1062.82,12.2012,7,19,0,0,0
PHL,202409,6.63,1322.41,12.2034,7,20,0,0,0
PHL,202410,7.12,1389.06,12.1812,7,21,0,0,0
PHL,202411,6.26,1192.5,12.1574,7,22,0,0,0
PHL,202412,5.34,991.78,12.132,7,23,0,0,0
PHL,202501,5.98,1199.08,12.2086,7,24,0,0,0
PHL,202502,6.19,1214.3,12.1867,7,25,0,0,0
PHL,202503,6.97,1388.85,12.2024,7,26,0,0,0
PHL,202504,7.79,1651.7,12.2645,7,27,0,1,0
PHL,202505,4.95,988.66,12.2047,7,28,0,1,0
PHL,202506,4.37,904.1,12.2399,7,29,0,1,0
PHL,202507,5.17,991.25,12.1639,7,30,0,1,0
PHL,202508,5.52,1081.1,12.1851,7,31,0,1,0
PHL,202509,5.43,1114.98,12.2324,7,32,0,1,0
PHL,202510,5.07,1025.54,12.2174,7,33,0,1,0
PHL,202511,5.14,1024.54,12.2027,7,34,0,1,0
PHL,202512,5.41,1087.91,12.2115,7,35,0,1,0
THA,202301,55.29,12008.1,12.2885,8,0,0,0,0
THA,202302,45.78,10015.41,12.2958,8,1,0,0,0
THA,202303,46.89,10050.61,12.2753,8,2,0,0,0
THA,202304,45.65,10024.08,12.2995,8,3,0,0,0
THA,202305,47.05,10306.1,12.297,8,4,0,0,0
THA,202306,45.95,9974.67,12.288,8,5,0,0,0
THA,202307,46.35,9667.86,12.2481,8,6,0,0,0
THA,202308,38.52,8933.16,12.3541,8,7,0,0,0
THA,202309,42.62,9920.7,12.3578,8,8,0,0,0
THA,202310,41.67,10896.07,12.4741,8,9,0,0,0
THA,202311,36.54,9582.51,12.477,8,10,0,0,0
THA,202312,47.55,11817.25,12.4233,8,11,0,0,0
THA,202401,45.46,11084.58,12.4042,8,12,0,0,0
THA,202402,40.43,9955.02,12.414,8,13,0,0,0
THA,202403,46.78,11587.92,12.42,8,14,0,0,0
THA,202404,42.99,11349.03,12.4837,8,15,0,0,0
THA,202405,47.67,11450.0,12.3892,8,16,0,0,0
THA,202406,48.39,11485.42,12.3773,8,17,0,0,0
THA,202407,61.21,14692.25,12.3885,8,18,0,0,0
THA,202408,53.45,12541.2,12.3658,8,19,0,0,0
THA,202409,65.08,15068.08,12.3525,8,20,0,0,0
THA,202410,71.61,16535.86,12.3498,8,21,0,0,0
THA,202411,63.87,14854.12,12.3569,8,22,0,0,0
THA,202412,64.38,15230.12,12.374,8,23,0,0,0
THA,202501,65.56,15448.33,12.37,8,24,0,0,0
THA,202502,54.77,12872.42,12.3675,8,25,0,0,0
THA,202503,72.3,17483.34,12.3959,8,26,0,0,0
THA,202504,67.22,16411.57,12.4055,8,27,0,1,0
THA,202505,63.64,14491.49,12.3358,8,28,0,1,0
THA,202506,52.22,13216.36,12.4415,8,29,0,1,0
THA,202507,71.43,15941.21,12.3157,8,30,0,1,0
THA,202508,87.58,19921.54,12.3348,8,31,0,1,0
THA,202509,88.28,20817.71,12.3708,8,32,0,1,0
THA,202510,68.84,15324.48,12.3132,8,33,0,1,0
THA,202511,72.35,15761.15,12.2915,8,34,0,1,0
THA,202512,95.95,20628.18,12.2783,8,35,0,1,0
TWN,202301,69.53,14465.17,12.2455,9,0,0,0,0
TWN,202302,55.22,11281.91,12.2274,9,1,0,0,0
TWN,202303,61.4,12058.1,12.1878,9,2,0,0,0
TWN,202304,60.9,12470.26,12.2296,9,3,0,0,0
TWN,202305,73.96,15077.37,12.2252,9,4,0,0,0
TWN,202306,82.06,16958.04,12.2388,9,5,0,0,0
TWN,202307,68.65,14023.93,12.2273,9,6,0,0,0
TWN,202308,71.88,14344.15,12.2039,9,7,0,0,0
TWN,202309,68.08,13639.45,12.2078,9,8,0,0,0
TWN,202310,84.5,16712.16,12.1949,9,9,0,0,0
TWN,202311,67.28,13341.66,12.1975,9,10,0,0,0
TWN,202312,57.75,11546.35,12.2058,9,11,0,0,0
TWN,202401,65.2,13122.52,12.2124,9,12,0,0,0
TWN,202402,62.14,12669.05,12.2253,9,13,0,0,0
TWN,202403,51.47,10612.52,12.2366,9,14,0,0,0
TWN,202404,64.99,12651.65,12.1791,9,15,0,0,0
TWN,202405,58.75,11851.36,12.2147,9,16,0,0,0
TWN,202406,66.86,13177.48,12.1914,9,17,0,0,0
TWN,202407,73.12,15652.58,12.274,9,18,0,0,0
TWN,202408,81.67,17037.51,12.2482,9,19,0,0,0
TWN,202409,77.68,16433.26,12.2622,9,20,0,0,0
TWN,202410,78.29,16208.55,12.2406,9,21,0,0,0
TWN,202411,75.79,16187.58,12.2718,9,22,0,0,0
TWN,202412,75.26,15893.66,12.2605,9,23,0,0,0
TWN,202501,60.99,12886.2,12.261,9,24,0,0,0
TWN,202502,53.09,11325.82,12.2706,9,25,0,0,0
TWN,202503,61.17,12995.07,12.2664,9,26,0,0,0
TWN,202504,56.39,11852.66,12.2558,9,27,0,1,0
TWN,202505,61.22,12838.75,12.2535,9,28,0,1,0
TWN,202506,57.71,12283.32,12.2683,9,29,0,1,0
TWN,202507,71.09,13919.07,12.1848,9,30,0,1,0
TWN,202508,57.26,12729.36,12.3118,9,31,0,1,0
TWN,202509,46.52,10692.75,12.3452,9,32,0,1,0
TWN,202510,48.85,11232.1,12.3455,9,33,0,1,0
TWN,202511,44.41,9711.76,12.2954,9,34,0,1,0
TWN,202512,47.1,10389.6,12.304,9,35,0,1,0
VNM,202301,680.97,176714.72,12.4665,10,0,1,0,0
VNM,202302,497.86,128432.98,12.4606,10,1,1,0,0
VNM,202303,376.56,95778.67,12.4465,10,2,1,0,0
VNM,202304,540.28,138314.09,12.453,10,3,1,0,0
VNM,202305,603.37,154955.15,12.4561,10,4,1,0,0
VNM,202306,595.96,154041.11,12.4626,10,5,1,0,0
VNM,202307,563.74,141753.71,12.435,10,6,1,0,0
VNM,202308,593.77,149532.43,12.4365,10,7,1,0,0
VNM,202309,555.26,138935.62,12.4301,10,8,1,0,0
VNM,202310,597.96,151075.24,12.4398,10,9,1,0,0
VNM,202311,598.48,152800.9,12.4503,10,10,1,0,0
VNM,202312,612.44,157029.57,12.4545,10,11,1,0,0
VNM,202401,583.31,149368.13,12.4532,10,12,1,0,0
VNM,202402,686.55,175933.12,12.4539,10,13,1,0,0
VNM,202403,597.16,153324.18,12.4559,10,14,1,0,0
VNM,202404,531.81,134456.57,12.4405,10,15,1,0,0
VNM,202405,705.12,179961.39,12.4499,10,16,1,0,0
VNM,202406,667.23,168058.18,12.4367,10,17,1,0,0
VNM,202407,706.63,188666.64,12.495,10,18,1,0,0
VNM,202408,686.21,183133.65,12.4945,10,19,1,0,0
VNM,202409,805.14,213327.35,12.4873,10,20,1,0,0
VNM,202410,814.13,217121.06,12.4938,10,21,1,0,0
VNM,202411,745.58,198485.31,12.4921,10,22,1,0,0
VNM,202412,765.84,203113.26,12.4883,10,23,1,0,0
VNM,202501,794.18,211854.0,12.4941,10,24,1,0,0
VNM,202502,746.17,198083.33,12.4892,10,25,1,0,0
VNM,202503,667.36,177809.33,12.4929,10,26,1,0,0
VNM,202504,696.98,185577.84,12.4922,10,27,1,1,1
VNM,202505,694.96,184330.21,12.4884,10,28,1,1,1
VNM,202506,698.67,185833.95,12.4912,10,29,1,1,1
VNM,202507,711.56,189686.3,12.4934,10,30,1,1,1
VNM,202508,679.54,182724.22,12.5021,10,31,1,1,1
VNM,202509,632.28,171132.06,12.5086,10,32,1,1,1
VNM,202510,595.15,160230.39,12.5033,10,33,1,1,1
VNM,202511,632.42,169991.73,12.5017,10,34,1,1,1
VNM,202512,746.61,196267.65,12.4795,10,35,1,1,1
