partner_iso,partner_id,period,period_id,post,treated,treat_post,trade_value_m_usd,trade_value_usd,net_mass_kg,log_value
CHN,1,202301,1,0,0,0,429.2275,429227543.0,41885535.314,6.061987081397359
CHN,1,202302,2,0,0,0,367.5249,367524929.0,36840981.602,5.906791071459659
CHN,1,202303,3,0,0,0,336.132,336132047.0,34200998.13,5.8175039399578985
CHN,1,202304,4,0,0,0,472.655,472654958.0,48382159.26,6.1583657354677195
CHN,1,202305,5,0,0,0,501.5005,501500524.0,49413087.93,6.217604604410466
CHN,1,202306,6,0,0,0,504.1468,504146793.0,51246048.608,6.222867495501814
CHN,1,202307,7,0,0,0,541.1003,541100299.0,48569324.171,6.293604659074704
CHN,1,202308,8,0,0,0,684.8052,684805215.0,58717968.306,6.529134418256646
CHN,1,202309,9,0,0,0,751.3441,751344086.0,64610753.901,6.6218637359087955
CHN,1,202310,10,0,0,0,700.9189,700918923.0,61363257.684,6.552392188473011
CHN,1,202311,11,0,0,0,590.9777,590977705.0,51472234.772,6.381778284037689
CHN,1,202312,12,0,0,0,530.8192,530819227.0,49318667.841,6.274421473619995
CHN,1,202401,13,0,0,0,528.1533,528153339.0,47087294.387,6.269386582474587
CHN,1,202402,14,0,0,0,486.4241,486424133.0,43247493.516,6.187080877121879
CHN,1,202403,15,0,0,0,397.792,397792004.0,37405047.237,5.985929255609305
CHN,1,202404,16,0,0,0,450.8579,450857921.0,41346602.998,6.111152212249979
CHN,1,202405,17,0,0,0,517.2536,517253625.0,47249898.44,6.248533276485435
CHN,1,202406,18,0,0,0,536.2081,536208079.0,48752649.26,6.284522331991377
CHN,1,202407,19,0,0,0,645.5189,645518863.0,61007653.238,6.470054489486253
CHN,1,202408,20,0,0,0,689.4803,689480334.0,65435170.392,6.535938125396614
CHN,1,202409,21,0,0,0,808.4461,808446071.0,75472369.372,6.695114010128174
CHN,1,202410,22,0,0,0,709.33,709330016.0,67162252.294,6.564320862534264
CHN,1,202411,23,0,0,0,657.8255,657825457.0,64035400.396,6.488939698585835
CHN,1,202412,24,0,0,0,574.7742,574774206.0,57967603.886,6.353977268020047
CHN,1,202501,25,0,0,0,570.1474,570147381.0,55898071.094,6.345894923889515
CHN,1,202502,26,0,0,0,488.5058,488505791.0,49504388.931,6.191351344493213
CHN,1,202503,27,0,0,0,422.9844,422984379.0,47017279.651,6.047335298933591
CHN,1,202504,28,1,0,0,428.153,428153008.0,46072587.228,6.059480608337761
CHN,1,202505,29,1,0,0,271.2014,271201440.0,29867250.422,5.602861718294804
CHN,1,202506,30,1,0,0,271.629,271629000.0,28827396.405,5.604437164653162
CHN,1,202507,31,1,0,0,479.5157,479515676.0,48251571.648,6.172776636227512
CHN,1,202508,32,1,0,0,474.0442,474044196.0,48497612.556,6.1613005662928115
CHN,1,202509,33,1,0,0,411.6865,411686534.0,41433626.002,6.02026213737109
CHN,1,202510,34,1,0,0,451.0307,451030698.0,44690892.223,6.111535408139393
CHN,1,202511,35,1,0,0,389.9408,389940843.0,39124926.971,5.96599493272989
CHN,1,202512,36,1,0,0,348.5377,348537685.0,36285415.695,5.853746402255079
DEU,2,202301,1,0,0,0,16.7101,16710062.0,1601590.657,2.8160133270298506
DEU,2,202302,2,0,0,0,13.7712,13771176.0,1267661.521,2.622579454913073
DEU,2,202303,3,0,0,0,21.0284,21028415.0,1921329.394,3.0458739050323205
DEU,2,202304,4,0,0,0,17.1823,17182287.0,1582593.875,2.8438797841961354
DEU,2,202305,5,0,0,0,17.0745,17074497.0,1412930.091,2.837586122451244
DEU,2,202306,6,0,0,0,17.607,17607023.0,1382624.652,2.868296550244307
DEU,2,202307,7,0,0,0,15.4201,15420142.0,1140961.399,2.7356718531984616
DEU,2,202308,8,0,0,0,15.0982,15098165.0,1055310.77,2.714575531417349
DEU,2,202309,9,0,0,0,13.7352,13735207.0,900741.467,2.619961880780865
DEU,2,202310,10,0,0,0,15.6304,15630407.0,1014764.377,2.749217735916541
DEU,2,202311,11,0,0,0,12.4923,12492284.0,860108.049,2.5251124545023043
DEU,2,202312,12,0,0,0,11.3128,11312795.0,794231.915,2.4259348280114295
DEU,2,202401,13,0,0,0,8.4746,8474595.0,566277.762,2.1370734545125525
DEU,2,202402,14,0,0,0,12.1686,12168635.0,894510.936,2.4988588634060043
DEU,2,202403,15,0,0,0,13.1833,13183320.0,878220.457,2.57895087709735
DEU,2,202404,16,0,0,0,12.34,12339953.0,895443.956,2.5128460184772416
DEU,2,202405,17,0,0,0,11.3379,11337881.0,777920.731,2.4281510959655273
DEU,2,202406,18,0,0,0,12.0931,12093090.0,759446.55,2.49263504201562
DEU,2,202407,19,0,0,0,14.6842,14684216.0,1010362.331,2.6867720858087902
DEU,2,202408,20,0,0,0,14.7513,14751314.0,972717.853,2.691331214495336
DEU,2,202409,21,0,0,0,12.958,12958022.0,929764.119,2.5617133580277653
DEU,2,202410,22,0,0,0,9.9343,9934253.0,677754.165,2.295993415544651
DEU,2,202411,23,0,0,0,12.7886,12788569.0,882074.418,2.5485541490834835
DEU,2,202412,24,0,0,0,11.6193,11619331.0,836765.575,2.45266750864535
DEU,2,202501,25,0,0,0,9.2266,9226591.0,716357.184,2.2220906166217294
DEU,2,202502,26,0,0,0,11.2044,11204368.0,840386.085,2.4163065582957435
DEU,2,202503,27,0,0,0,18.9903,18990292.0,1589412.109,2.9439283224877206
DEU,2,202504,28,1,0,0,16.5421,16542052.0,1293554.734,2.8059086464696747
DEU,2,202505,29,1,0,0,15.4755,15475481.0,1131652.245,2.7392581282264032
DEU,2,202506,30,1,0,0,16.4724,16472358.0,1285299.012,2.801686253063477
DEU,2,202507,31,1,0,0,14.5818,14581753.0,1126067.649,2.679774175750473
DEU,2,202508,32,1,0,0,14.6096,14609558.0,1068935.249,2.681678846879939
DEU,2,202509,33,1,0,0,16.8487,16848731.0,1320994.184,2.824273502486742
DEU,2,202510,34,1,0,0,13.1781,13178082.0,997454.069,2.5785563608677537
DEU,2,202511,35,1,0,0,21.8811,21881081.0,1902247.938,3.085623250513109
DEU,2,202512,36,1,0,0,15.73,15730022.0,1359980.69,2.7555697170701863
IND,3,202301,1,0,0,0,2.1928,2192771.0,110451.261,0.7851792660064391
IND,3,202302,2,0,0,0,1.6906,1690558.0,87166.689,0.5250834955126903
IND,3,202303,3,0,0,0,1.4147,1414661.0,71855.082,0.3469174944827516
IND,3,202304,4,0,0,0,1.6411,1641138.0,67724.179,0.4953667487034451
IND,3,202305,5,0,0,0,2.0508,2050831.0,88451.882,0.7182299609274085
IND,3,202306,6,0,0,0,2.4204,2420432.0,134512.7,0.8839328157660293
IND,3,202307,7,0,0,0,1.7418,1741805.0,78402.153,0.5549190612765021
IND,3,202308,8,0,0,0,2.4605,2460463.0,99423.788,0.9003645813238959
IND,3,202309,9,0,0,0,2.7178,2717809.0,136791.876,0.99982272950426
IND,3,202310,10,0,0,0,2.2648,2264792.0,104159.51,0.8174864548155528
IND,3,202311,11,0,0,0,1.6251,1625066.0,65695.124,0.4855693523498258
IND,3,202312,12,0,0,0,2.2742,2274159.0,107090.836,0.8216283422084855
IND,3,202401,13,0,0,0,1.4465,1446477.0,66713.851,0.3691468454340527
IND,3,202402,14,0,0,0,1.6213,1621279.0,63225.247,0.4832282965738864
IND,3,202403,15,0,0,0,2.2371,2237081.0,89938.196,0.8051803842357217
IND,3,202404,16,0,0,0,1.6583,1658278.0,63679.649,0.505792981237916
IND,3,202405,17,0,0,0,1.8555,1855505.0,71739.71,0.6181542015185152
IND,3,202406,18,0,0,0,1.8872,1887196.0,72437.785,0.6350942491113282
IND,3,202407,19,0,0,0,1.8954,1895420.0,75234.765,0.6394298980539574
IND,3,202408,20,0,0,0,1.7252,1725212.0,64776.725,0.545342985791551
IND,3,202409,21,0,0,0,2.227,2227032.0,108742.632,0.8006553882752305
IND,3,202410,22,0,0,0,2.8149,2814890.0,136819.57,1.0349267369819768
IND,3,202411,23,0,0,0,1.5107,1510692.0,65475.858,0.41257311956754217
IND,3,202412,24,0,0,0,2.1209,2120926.0,83056.539,0.7518405268991636
IND,3,202501,25,0,0,0,1.7838,1783816.0,84544.909,0.57874592024997
IND,3,202502,26,0,0,0,1.9264,1926364.0,82013.019,0.6556529761323648
IND,3,202503,27,0,0,0,2.4967,2496713.0,94000.393,0.9149698599067393
IND,3,202504,28,1,0,0,2.5822,2582189.0,86998.672,0.9486417487584812
IND,3,202505,29,1,0,0,2.7259,2725906.0,118608.886,1.0027986488157077
IND,3,202506,30,1,0,0,2.2314,2231428.0,99381.803,0.8026291911769422
IND,3,202507,31,1,0,0,3.9584,3958366.0,160432.791,1.3758399032160318
IND,3,202508,32,1,0,0,2.4696,2469623.0,117720.178,0.9040561942058124
IND,3,202509,33,1,0,0,2.7926,2792584.0,133091.372,1.0269730615259574
IND,3,202510,34,1,0,0,3.0712,3071242.0,156808.933,1.122068364704451
IND,3,202511,35,1,0,0,3.0682,3068223.0,186075.697,1.121091070428536
IND,3,202512,36,1,0,0,2.8255,2825535.0,156922.965,1.038685340087761
JPN,4,202301,1,0,0,0,9.1992,9199243.0,455726.66,2.219116523752318
JPN,4,202302,2,0,0,0,7.9504,7950430.0,341083.571,2.073222241865919
JPN,4,202303,3,0,0,0,11.2703,11270311.0,652804.081,2.422170947040786
JPN,4,202304,4,0,0,0,10.8254,10825355.0,604352.483,2.3818952247070184
JPN,4,202305,5,0,0,0,6.0157,6015657.0,360020.193,1.7943727183828608
JPN,4,202306,6,0,0,0,7.5309,7530902.0,449762.792,2.019014556581978
JPN,4,202307,7,0,0,0,8.5631,8563090.0,468435.897,2.147462274126047
JPN,4,202308,8,0,0,0,9.9085,9908490.0,451218.441,2.2933929746251307
JPN,4,202309,9,0,0,0,10.8696,10869575.0,600052.343,2.385969901927977
JPN,4,202310,10,0,0,0,10.1437,10143699.0,538119.861,2.3168528231250547
JPN,4,202311,11,0,0,0,9.7979,9797905.0,520311.47,2.2821680769997763
JPN,4,202312,12,0,0,0,8.4064,8406416.0,462287.354,2.1289933205090836
JPN,4,202401,13,0,0,0,8.0667,8066687.0,416358.985,2.0877444767173983
JPN,4,202402,14,0,0,0,7.1049,7104916.0,341939.93,1.9607846868546606
JPN,4,202403,15,0,0,0,8.0396,8039621.0,421813.3,2.0843793307094596
JPN,4,202404,16,0,0,0,9.1774,9177399.0,446679.955,2.2167439401159226
JPN,4,202405,17,0,0,0,8.0271,8027056.0,416003.964,2.0828233170262442
JPN,4,202406,18,0,0,0,9.3751,9375087.0,505459.385,2.2380572384662525
JPN,4,202407,19,0,0,0,8.9224,8922449.0,489659.74,2.18856496869819
JPN,4,202408,20,0,0,0,8.4251,8425057.0,464652.739,2.1312153456041862
JPN,4,202409,21,0,0,0,8.6958,8695819.0,481319.535,2.1628401504743886
JPN,4,202410,22,0,0,0,11.6567,11656710.0,674440.103,2.455881121997024
JPN,4,202411,23,0,0,0,8.731,8731036.0,544272.165,2.1668799108286705
JPN,4,202412,24,0,0,0,10.3955,10395465.0,627820.564,2.341373020201306
JPN,4,202501,25,0,0,0,8.257,8256990.0,427984.483,2.1110613254352915
JPN,4,202502,26,0,0,0,6.325,6325029.0,340485.108,1.8445100346135839
JPN,4,202503,27,0,0,0,9.0008,9000840.0,465604.041,2.197313462274725
JPN,4,202504,28,1,0,0,10.4485,10448529.0,555756.909,2.346458427438016
JPN,4,202505,29,1,0,0,9.1444,9144414.0,481133.367,2.213141670067679
JPN,4,202506,30,1,0,0,9.6972,9697179.0,486990.905,2.2718371840452654
JPN,4,202507,31,1,0,0,10.0761,10076124.0,536897.137,2.310166283014359
JPN,4,202508,32,1,0,0,8.7795,8779513.0,511674.995,2.1724194584172483
JPN,4,202509,33,1,0,0,7.8071,7807072.0,338296.91,2.0550335760736673
JPN,4,202510,34,1,0,0,12.9219,12921862.0,824254.439,2.5589235463658966
JPN,4,202511,35,1,0,0,10.3254,10325425.0,644769.211,2.3346068790167833
JPN,4,202512,36,1,0,0,9.497,9497001.0,479882.031,2.2509759592608156
KOR,5,202301,1,0,0,0,17.7543,17754334.0,1730105.784,2.8766277401039053
KOR,5,202302,2,0,0,0,15.0334,15033381.0,1476346.963,2.710274392420491
KOR,5,202303,3,0,0,0,24.5721,24572126.0,2500331.759,3.201611652966198
KOR,5,202304,4,0,0,0,26.6992,26699197.0,2721448.095,3.2846336024105014
KOR,5,202305,5,0,0,0,25.0469,25046944.0,2590485.66,3.220750067377892
KOR,5,202306,6,0,0,0,23.1989,23198928.0,2398871.376,3.1441048637550915
KOR,5,202307,7,0,0,0,23.7979,23797941.0,2252339.331,3.169597341490349
KOR,5,202308,8,0,0,0,19.2591,19259088.0,1767132.229,2.9579836763061844
KOR,5,202309,9,0,0,0,19.6052,19605218.0,1775679.737,2.975794837171475
KOR,5,202310,10,0,0,0,20.3611,20361097.0,1761909.598,3.0136262177278006
KOR,5,202311,11,0,0,0,26.5213,26521286.0,2414216.156,3.2779481837240834
KOR,5,202312,12,0,0,0,17.5487,17548723.0,1503042.349,2.864979873094181
KOR,5,202401,13,0,0,0,22.23,22229999.0,2010333.291,3.101442727976105
KOR,5,202402,14,0,0,0,20.9789,20978926.0,1891153.001,3.0435171707070454
KOR,5,202403,15,0,0,0,38.8559,38855853.0,3388528.117,3.659859931435026
KOR,5,202404,16,0,0,0,29.7611,29761110.0,2789685.032,3.393202171647391
KOR,5,202405,17,0,0,0,26.0099,26009856.0,2429205.335,3.258477234778044
KOR,5,202406,18,0,0,0,27.3581,27358146.0,2507708.722,3.309012645898528
KOR,5,202407,19,0,0,0,28.9749,28974890.0,3006028.059,3.3664299379687814
KOR,5,202408,20,0,0,0,24.7322,24732169.0,2520219.862,3.2081060383529345
KOR,5,202409,21,0,0,0,21.8673,21867336.0,2201139.956,3.0849923702771362
KOR,5,202410,22,0,0,0,26.9355,26935502.0,2746406.804,3.293445119167925
KOR,5,202411,23,0,0,0,27.2618,27261759.0,2807526.282,3.3054864549028284
KOR,5,202412,24,0,0,0,31.3172,31317200.0,3263409.921,3.444167467381635
KOR,5,202501,25,0,0,0,27.3112,27311175.0,2869630.99,3.307296874469019
KOR,5,202502,26,0,0,0,26.1301,26130137.0,2701183.306,3.2630879065439506
KOR,5,202503,27,0,0,0,34.0855,34085519.0,3566262.833,3.5288720739164865
KOR,5,202504,28,1,0,0,33.9255,33925537.0,3617869.908,3.524166944005839
KOR,5,202505,29,1,0,0,36.144,36144041.0,3832675.912,3.5875109597256474
KOR,5,202506,30,1,0,0,29.6644,29664437.0,3150556.497,3.389947673650676
KOR,5,202507,31,1,0,0,23.4464,23446373.0,2374503.957,3.154716964983508
KOR,5,202508,32,1,0,0,30.3721,30372101.0,3254487.893,3.4135244238518228
KOR,5,202509,33,1,0,0,29.1239,29123860.0,3053998.519,3.3715591429322833
KOR,5,202510,34,1,0,0,25.4835,25483469.0,2741604.625,3.238031183907942
KOR,5,202511,35,1,0,0,18.588,18588017.0,1886544.307,2.922516211222732
KOR,5,202512,36,1,0,0,18.1872,18187206.0,1768826.325,2.900718049950309
MEX,6,202301,1,0,0,0,128.9564,128956405.0,10432265.663,4.859474362735916
MEX,6,202302,2,0,0,0,140.7572,140757200.0,11298039.004,4.947036420240758
MEX,6,202303,3,0,0,0,165.0255,165025503.0,13247724.596,5.1061000074142076
MEX,6,202304,4,0,0,0,145.7659,145765937.0,12032027.293,4.982001910189712
MEX,6,202305,5,0,0,0,162.1959,162195866.0,12843225.235,5.088804863926567
MEX,6,202306,6,0,0,0,172.3158,172315766.0,14207424.471,5.149328839851993
MEX,6,202307,7,0,0,0,157.5661,157566104.0,11728861.049,5.0598450527632854
MEX,6,202308,8,0,0,0,170.9262,170926185.0,13317439.411,5.141231884398294
MEX,6,202309,9,0,0,0,159.8021,159802117.0,12418288.798,5.07393617467261
MEX,6,202310,10,0,0,0,193.2673,193267266.0,15142027.7,5.264074204806143
MEX,6,202311,11,0,0,0,180.9324,180932368.0,14027291.871,5.198123480841569
MEX,6,202312,12,0,0,0,148.3737,148373654.0,11872610.137,4.999734091307625
MEX,6,202401,13,0,0,0,164.9277,164927675.0,12726500.694,5.1055071960526925
MEX,6,202402,14,0,0,0,188.9905,188990526.0,14689821.366,5.241696749246073
MEX,6,202403,15,0,0,0,190.9645,190964457.0,15269218.047,5.252087546897454
MEX,6,202404,16,0,0,0,211.3053,211305321.0,17056501.684,5.353304007128076
MEX,6,202405,17,0,0,0,216.2629,216262873.0,17393404.869,5.376494797212
MEX,6,202406,18,0,0,0,204.3626,204362645.0,16666082.987,5.3198958670279755
MEX,6,202407,19,0,0,0,202.5031,202503052.0,17885001.306,5.310755195071393
MEX,6,202408,20,0,0,0,207.7651,207765132.0,18303785.77,5.336408114608077
MEX,6,202409,21,0,0,0,182.4052,182405210.0,16080364.443,5.206230586005794
MEX,6,202410,22,0,0,0,200.1923,200192282.0,17279545.255,5.299278404602995
MEX,6,202411,23,0,0,0,203.6574,203657425.0,17774896.003,5.316439170286697
MEX,6,202412,24,0,0,0,166.4001,166400067.0,15135249.174,5.114395129348466
MEX,6,202501,25,0,0,0,184.0143,184014319.0,16350285.116,5.21501347198045
MEX,6,202502,26,0,0,0,186.2645,186264542.0,16809208.145,5.227167706578325
MEX,6,202503,27,0,0,0,216.1521,216152106.0,19128912.756,5.37598232654181
MEX,6,202504,28,1,0,0,197.4832,197483163.0,16789229.631,5.2856535174319506
MEX,6,202505,29,1,0,0,211.007,211006973.0,17468465.474,5.3518913082812265
MEX,6,202506,30,1,0,0,194.7839,194783922.0,15937948.172,5.271890738922192
MEX,6,202507,31,1,0,0,194.4568,194456838.0,15573147.558,5.2702100304197215
MEX,6,202508,32,1,0,0,193.8792,193879233.0,15671443.35,5.267235284704994
MEX,6,202509,33,1,0,0,175.4447,175444734.0,14129050.494,5.167323893536475
MEX,6,202510,34,1,0,0,210.0183,210018287.0,16649268.299,5.347194669777894
MEX,6,202511,35,1,0,0,168.461,168461025.0,13449848.859,5.126704268996869
MEX,6,202512,36,1,0,0,165.6535,165653543.0,12629452.686,5.109898257408899
MYS,7,202301,1,0,0,0,25.9796,25979640.0,2666663.403,3.257311614665112
MYS,7,202302,2,0,0,0,20.3976,20397555.0,2232283.628,3.0154172468703893
MYS,7,202303,3,0,0,0,28.8956,28895647.0,3683418.482,3.363689334392362
MYS,7,202304,4,0,0,0,28.8056,28805615.0,3405526.567,3.360569812684474
MYS,7,202305,5,0,0,0,26.0315,26031509.0,2905518.982,3.2593073431625363
MYS,7,202306,6,0,0,0,22.9223,22922307.0,2506838.286,3.1321102358520503
MYS,7,202307,7,0,0,0,29.6908,29690758.0,2908107.96,3.390837233512016
MYS,7,202308,8,0,0,0,36.4489,36448905.0,3215930.51,3.595911279672818
MYS,7,202309,9,0,0,0,31.9789,31978915.0,2951530.344,3.465076310316424
MYS,7,202310,10,0,0,0,37.2177,37217675.0,3040741.104,3.6167844545707175
MYS,7,202311,11,0,0,0,21.1703,21170306.0,2075392.872,3.0525992560430595
MYS,7,202312,12,0,0,0,18.186,18185962.0,1767154.153,2.9006520673037213
MYS,7,202401,13,0,0,0,16.6011,16601052.0,1518588.661,2.8094689582273062
MYS,7,202402,14,0,0,0,18.6796,18679632.0,1686003.633,2.927432019295198
MYS,7,202403,15,0,0,0,26.865,26864979.0,2395787.139,3.2908243241807846
MYS,7,202404,16,0,0,0,29.129,29128980.0,2553993.419,3.371734241511514
MYS,7,202405,17,0,0,0,34.3499,34349897.0,3161145.808,3.5365991074559693
MYS,7,202406,18,0,0,0,34.981,34980954.0,2717203.604,3.5548050569462704
MYS,7,202407,19,0,0,0,42.2412,42241177.0,3261855.594,3.7433960480853847
MYS,7,202408,20,0,0,0,40.6845,40684472.0,3467011.45,3.7058471845315033
MYS,7,202409,21,0,0,0,51.12,51119963.0,4206362.334,3.9341758100692794
MYS,7,202410,22,0,0,0,67.1647,67164651.0,3746518.202,4.207147811892926
MYS,7,202411,23,0,0,0,37.1657,37165744.0,2770450.975,3.6153862929252147
MYS,7,202412,24,0,0,0,23.2187,23218724.0,2417941.334,3.144957988483682
MYS,7,202501,25,0,0,0,30.0268,30026787.0,2031616.932,3.402090316210747
MYS,7,202502,26,0,0,0,36.9759,36975914.0,2242494.963,3.610266349071423
MYS,7,202503,27,0,0,0,30.6477,30647709.0,2412255.693,3.4225576187834856
MYS,7,202504,28,1,0,0,30.0441,30044089.0,2413168.605,3.4026663022698305
MYS,7,202505,29,1,0,0,35.3258,35325794.0,2375606.727,3.5646135751648274
MYS,7,202506,30,1,0,0,37.7191,37719093.0,3319844.887,3.630166597459393
MYS,7,202507,31,1,0,0,43.7289,43728857.0,3449236.317,3.778009210752176
MYS,7,202508,32,1,0,0,42.4612,42461191.0,3749559.056,3.748590717769297
MYS,7,202509,33,1,0,0,34.4545,34454517.0,2704003.279,3.539639613021972
MYS,7,202510,34,1,0,0,50.2782,50278160.0,3645332.411,3.9175715835585554
MYS,7,202511,35,1,0,0,45.1653,45165323.0,3014280.82,3.8103290928912714
MYS,7,202512,36,1,0,0,34.3854,34385399.0,2679912.891,3.5376320556836336
PHL,8,202301,1,0,0,0,11.6315,11631491.0,386341.26,2.4537169349979617
PHL,8,202302,2,0,0,0,30.2714,30271424.0,977592.329,3.41020337237706
PHL,8,202303,3,0,0,0,22.7879,22787883.0,710721.616,3.12622969333399
PHL,8,202304,4,0,0,0,14.3626,14362637.0,444694.463,2.6646276057267886
PHL,8,202305,5,0,0,0,12.707,12707019.0,394723.207,2.542153022722397
PHL,8,202306,6,0,0,0,8.9336,8933616.0,275017.958,2.189819449149445
PHL,8,202307,7,0,0,0,27.5305,27530479.0,741523.504,3.315294480994674
PHL,8,202308,8,0,0,0,15.8086,15808588.0,473882.147,2.7605540957508086
PHL,8,202309,9,0,0,0,18.352,18352017.0,579092.022,2.909738560387015
PHL,8,202310,10,0,0,0,32.1182,32118185.0,850875.142,3.4694228476577096
PHL,8,202311,11,0,0,0,12.6922,12692205.0,367374.056,2.5409876315545623
PHL,8,202312,12,0,0,0,4.4267,4426681.0,151826.347,1.487654385472309
PHL,8,202401,13,0,0,0,7.7008,7700780.0,265439.506,2.041324219566708
PHL,8,202402,14,0,0,0,11.4641,11464135.0,333308.791,2.4392204134466535
PHL,8,202403,15,0,0,0,10.537,10536979.0,320075.705,2.3548928726173908
PHL,8,202404,16,0,0,0,12.1152,12115215.0,394076.364,2.494460862592812
PHL,8,202405,17,0,0,0,9.2433,9243273.0,318254.7,2.223898964750406
PHL,8,202406,18,0,0,0,11.937,11936990.0,384856.642,2.4796428201129013
PHL,8,202407,19,0,0,0,16.2676,16267598.0,446229.799,2.789175399594172
PHL,8,202408,20,0,0,0,28.3622,28362233.0,789699.692,3.345057272703171
PHL,8,202409,21,0,0,0,24.1382,24138171.0,641374.584,3.1837956478519924
PHL,8,202410,22,0,0,0,23.6013,23601327.0,606953.513,3.161301795260218
PHL,8,202411,23,0,0,0,20.6453,20645288.0,523679.31,3.0274876905960006
PHL,8,202412,24,0,0,0,15.0223,15022258.0,403669.866,2.709535763774034
PHL,8,202501,25,0,0,0,17.2552,17255153.0,471773.464,2.8481135473260273
PHL,8,202502,26,0,0,0,26.3948,26394823.0,700616.37,3.2731670210542223
PHL,8,202503,27,0,0,0,32.5463,32546307.0,815807.178,3.4826636909185478
PHL,8,202504,28,1,0,0,38.5347,38534672.0,1018884.629,3.6515591340692515
PHL,8,202505,29,1,0,0,33.4329,33432899.0,895841.197,3.509540445099134
PHL,8,202506,30,1,0,0,53.0454,53045428.0,1395186.453,3.9711481506500763
PHL,8,202507,31,1,0,0,45.9383,45938299.0,1152865.667,3.827299191787403
PHL,8,202508,32,1,0,0,30.0869,30086875.0,708194.282,3.4040898610740387
PHL,8,202509,33,1,0,0,32.0607,32060710.0,734009.939,3.4676309810041825
PHL,8,202510,34,1,0,0,22.4978,22497823.0,571173.466,3.113417526652038
PHL,8,202511,35,1,0,0,39.265,39265045.0,953987.008,3.670333536826838
PHL,8,202512,36,1,0,0,5.2941,5294093.0,167728.872,1.6665929929351602
THA,9,202301,1,0,0,0,59.7541,59754123.0,5715860.41,4.090237807704289
THA,9,202302,2,0,0,0,41.1962,41196166.0,4262319.75,3.718346019092046
THA,9,202303,3,0,0,0,54.9751,54975120.0,5532674.88,4.0068803554478105
THA,9,202304,4,0,0,0,62.1526,62152639.0,6459347.814,4.129592651353614
THA,9,202305,5,0,0,0,49.8016,49801621.0,5325725.871,3.908047112028554
THA,9,202306,6,0,0,0,53.789,53788998.0,5497867.136,3.985068985296203
THA,9,202307,7,0,0,0,53.6381,53638143.0,4703087.209,3.9822596364587604
THA,9,202308,8,0,0,0,57.844,57843963.0,5018511.523,4.057749731752546
THA,9,202309,9,0,0,0,65.7349,65734917.0,5387401.609,4.1856299868878075
THA,9,202310,10,0,0,0,50.691,50691049.0,4187697.587,3.9257483800466226
THA,9,202311,11,0,0,0,45.997,45996974.0,3708546.828,3.828576176971044
THA,9,202312,12,0,0,0,36.3235,36323511.0,2996974.709,3.592464914728989
THA,9,202401,13,0,0,0,37.4837,37483691.0,3265127.005,3.623906171814759
THA,9,202402,14,0,0,0,26.908,26908007.0,2391368.045,3.2924236401633595
THA,9,202403,15,0,0,0,33.2828,33282835.0,2914469.889,3.505040747029274
THA,9,202404,16,0,0,0,39.604,39604046.0,3329063.893,3.678930123260268
THA,9,202405,17,0,0,0,30.5714,30571360.0,2639091.897,3.420064931386662
THA,9,202406,18,0,0,0,33.2323,33232313.0,2714577.605,3.5035222945364373
THA,9,202407,19,0,0,0,40.6974,40697430.0,4159850.365,3.7061642083441213
THA,9,202408,20,0,0,0,38.7231,38723116.0,3846233.652,3.6564363211870576
THA,9,202409,21,0,0,0,44.0253,44025306.0,4224516.43,3.7847644686691035
THA,9,202410,22,0,0,0,46.5123,46512251.0,4038266.758,3.83971679374412
THA,9,202411,23,0,0,0,31.2641,31264061.0,2755584.597,3.442470474422299
THA,9,202412,24,0,0,0,29.7165,29716452.0,2913700.368,3.391702447100354
THA,9,202501,25,0,0,0,30.0792,30079153.0,2754812.508,3.403833902983285
THA,9,202502,26,0,0,0,19.7596,19759621.0,1955039.957,2.9836394491998512
THA,9,202503,27,0,0,0,40.0763,40076350.0,4081749.977,3.690785137146022
THA,9,202504,28,1,0,0,49.7294,49729402.0,4834297.631,3.906596307502043
THA,9,202505,29,1,0,0,42.7285,42728500.0,4287334.248,3.75486614489748
THA,9,202506,30,1,0,0,46.2397,46239692.0,4794581.485,3.833838736453802
THA,9,202507,31,1,0,0,63.8729,63872934.0,6149167.391,4.156895171271088
THA,9,202508,32,1,0,0,65.9753,65975337.0,6280118.15,4.18928042955601
THA,9,202509,33,1,0,0,60.8476,60847603.0,5750965.911,4.108372377406737
THA,9,202510,34,1,0,0,73.1607,73160730.0,6681255.13,4.292658391546875
THA,9,202511,35,1,0,0,69.7133,69713293.0,6157177.879,4.24439111735361
THA,9,202512,36,1,0,0,54.0042,54004171.0,5069550.163,3.9890618213175175
TWN,10,202301,1,0,0,0,4.1304,4130422.0,269492.949,1.4183742545833022
TWN,10,202302,2,0,0,0,3.9116,3911563.0,267309.606,1.363946497455983
TWN,10,202303,3,0,0,0,3.284,3284004.0,202699.934,1.1890621915901818
TWN,10,202304,4,0,0,0,4.4358,4435824.0,305959.373,1.4897079828089723
TWN,10,202305,5,0,0,0,4.1299,4129879.0,270238.631,1.4182531936047396
TWN,10,202306,6,0,0,0,4.7659,4765854.0,320100.248,1.5614863965009078
TWN,10,202307,7,0,0,0,3.5038,3503760.0,245181.747,1.2538480938195846
TWN,10,202308,8,0,0,0,4.0605,4060484.0,260129.956,1.4013061187403286
TWN,10,202309,9,0,0,0,3.574,3573999.0,223710.862,1.2736854167372362
TWN,10,202310,10,0,0,0,3.9644,3964424.0,239959.947,1.3773545195504162
TWN,10,202311,11,0,0,0,2.9566,2956581.0,206363.391,1.0840399594848524
TWN,10,202312,12,0,0,0,3.7309,3730922.0,236960.2,1.3166494914140014
TWN,10,202401,13,0,0,0,5.6304,5630436.0,372763.614,1.7281804875851836
TWN,10,202402,14,0,0,0,5.7145,5714534.0,337204.899,1.7430068043555156
TWN,10,202403,15,0,0,0,3.8887,3888659.0,232056.532,1.3580749115449928
TWN,10,202404,16,0,0,0,4.3345,4334542.0,289838.26,1.4666062633265582
TWN,10,202405,17,0,0,0,4.1017,4101670.0,233330.634,1.41140152191962
TWN,10,202406,18,0,0,0,4.9517,4951668.0,305393.208,1.599730951963958
TWN,10,202407,19,0,0,0,5.7994,5799426.0,367439.168,1.7577544639253697
TWN,10,202408,20,0,0,0,4.5512,4551191.0,275914.878,1.5153909344543006
TWN,10,202409,21,0,0,0,4.8548,4854779.0,304530.22,1.5799679062500693
TWN,10,202410,22,0,0,0,5.302,5301989.0,276179.247,1.6680841078668338
TWN,10,202411,23,0,0,0,4.781,4780982.0,315287.514,1.5646497296439663
TWN,10,202412,24,0,0,0,5.5179,5517933.0,364393.99,1.7079973531227246
TWN,10,202501,25,0,0,0,4.2799,4279875.0,297219.91,1.4539296448347703
TWN,10,202502,26,0,0,0,3.4655,3465531.0,234673.945,1.2428569223759023
TWN,10,202503,27,0,0,0,3.5746,3574603.0,263650.942,1.2738532817741413
TWN,10,202504,28,1,0,0,4.3187,4318693.0,258696.706,1.4629544310428009
TWN,10,202505,29,1,0,0,5.9347,5934668.0,372446.896,1.7808164791850694
TWN,10,202506,30,1,0,0,4.4235,4423498.0,283435.905,1.4869312379413036
TWN,10,202507,31,1,0,0,5.9203,5920282.0,355558.791,1.7783871232876214
TWN,10,202508,32,1,0,0,5.475,5474955.0,349840.325,1.7001922757025645
TWN,10,202509,33,1,0,0,5.1036,5103551.0,325041.535,1.6299461730654512
TWN,10,202510,34,1,0,0,5.0701,5070088.0,276487.133,1.6233605412744567
TWN,10,202511,35,1,0,0,3.3241,3324118.0,182078.128,1.2011989607765405
TWN,10,202512,36,1,0,0,4.1105,4110471.0,232448.974,1.4135446756100511
VNM,11,202301,1,0,1,0,6.8457,6845701.0,283146.615,1.9236207179383509
VNM,11,202302,2,0,1,0,6.1378,6137823.0,207282.172,1.814466371763126
VNM,11,202303,3,0,1,0,7.1936,7193566.0,282834.924,1.9731917418371254
VNM,11,202304,4,0,1,0,8.5773,8577339.0,489876.201,2.149119178661372
VNM,11,202305,5,0,1,0,8.0331,8033063.0,317262.17,2.083570505763513
VNM,11,202306,6,0,1,0,6.9812,6981165.0,314347.945,1.9432208217685445
VNM,11,202307,7,0,1,0,7.0594,7059353.0,347002.777,1.954360062057956
VNM,11,202308,8,0,1,0,12.8003,12800326.0,716348.252,2.5494686081509177
VNM,11,202309,9,0,1,0,10.9962,10996166.0,560913.827,2.397549758569749
VNM,11,202310,10,0,1,0,15.3732,15373224.0,864766.325,2.732625733668251
VNM,11,202311,11,0,1,0,11.4902,11490214.0,608295.721,2.4414944981495568
VNM,11,202312,12,0,1,0,10.81,10809951.0,620779.5,2.3804716316511167
VNM,11,202401,13,0,1,0,9.5611,9561085.0,413995.294,2.2577027832056045
VNM,11,202402,14,0,1,0,10.5991,10599104.0,351314.894,2.3607690918529545
VNM,11,202403,15,0,1,0,5.6208,5620832.0,217296.965,1.7264740025294256
VNM,11,202404,16,0,1,0,7.4877,7487686.0,265997.15,2.0132616742701392
VNM,11,202405,17,0,1,0,8.1991,8199094.0,274868.682,2.104024392149005
VNM,11,202406,18,0,1,0,9.7073,9707280.0,438920.331,2.2728781797846134
VNM,11,202407,19,0,1,0,10.742,10741995.0,575077.609,2.3741612914832677
VNM,11,202408,20,0,1,0,19.1621,19162078.0,1127474.839,2.9529343698769996
VNM,11,202409,21,0,1,0,21.2084,21208398.0,1414013.148,3.0543973296161044
VNM,11,202410,22,0,1,0,21.9406,21940619.0,1571494.032,3.088338801784001
VNM,11,202411,23,0,1,0,20.7016,20701583.0,1424542.572,3.0302109919702334
VNM,11,202412,24,0,1,0,12.8264,12826442.0,668960.391,2.5515055468924905
VNM,11,202501,25,0,1,0,13.0669,13066940.0,683077.746,2.5700823151117276
VNM,11,202502,26,0,1,0,12.9579,12957901.0,816129.932,2.5617056407576726
VNM,11,202503,27,0,1,0,16.8878,16887849.0,1108428.83,2.826591467747329
VNM,11,202504,28,1,1,1,19.5624,19562405.0,1312275.694,2.9736093564662203
VNM,11,202505,29,1,1,1,25.3137,25313663.0,1996358.466,3.2313457511504695
VNM,11,202506,30,1,1,1,28.7842,28784240.0,2408155.188,3.3598266254886515
VNM,11,202507,31,1,1,1,43.8697,43869732.0,3627203.201,3.7812238767685997
VNM,11,202508,32,1,1,1,67.206,67206029.0,5883164.775,4.207762529257657
VNM,11,202509,33,1,1,1,80.7903,80790337.0,6943137.554,4.391856908815581
VNM,11,202510,34,1,1,1,81.0484,81048425.0,6909007.448,4.395046507086152
VNM,11,202511,35,1,1,1,88.8681,88868087.0,7359795.975,4.487153247978685
VNM,11,202512,36,1,1,1,68.3213,68321304.0,6163095.301,4.224221577402327
