sector,sector_id,period,period_id,trade_value_m_usd,net_mass_mt,china_share,post,dose_post
3926,0,202301,0,32.97,5866.68,0.592931327318276,0,0.0
3926,0,202302,1,31.17,5518.92,0.592931327318276,0,0.0
3926,0,202303,2,34.82,6707.87,0.592931327318276,0,0.0
3926,0,202304,3,34.63,7216.51,0.592931327318276,0,0.0
3926,0,202305,4,37.42,8335.3,0.592931327318276,0,0.0
3926,0,202306,5,42.38,7730.4,0.592931327318276,0,0.0
3926,0,202307,6,46.61,9030.01,0.592931327318276,0,0.0
3926,0,202308,7,40.61,7478.99,0.592931327318276,0,0.0
3926,0,202309,8,42.46,7920.31,0.592931327318276,0,0.0
3926,0,202310,9,41.64,7692.57,0.592931327318276,0,0.0
3926,0,202311,10,32.58,6307.26,0.592931327318276,0,0.0
3926,0,202312,11,29.75,5638.89,0.592931327318276,0,0.0
3926,0,202401,12,32.51,5682.76,0.592931327318276,0,0.0
3926,0,202402,13,36.97,7026.88,0.592931327318276,0,0.0
3926,0,202403,14,40.42,7718.12,0.592931327318276,0,0.0
3926,0,202404,15,33.88,2234.5,0.592931327318276,0,0.0
3926,0,202405,16,49.04,3357.2,0.592931327318276,0,0.0
3926,0,202406,17,46.87,3278.99,0.592931327318276,0,0.0
3926,0,202407,18,45.04,3185.67,0.592931327318276,0,0.0
3926,0,202408,19,39.31,2762.92,0.592931327318276,0,0.0
3926,0,202409,20,43.37,3156.52,0.592931327318276,0,0.0
3926,0,202410,21,39.22,2659.59,0.592931327318276,0,0.0
3926,0,202411,22,37.63,2586.33,0.592931327318276,0,0.0
3926,0,202412,23,36.31,2515.88,0.592931327318276,0,0.0
3926,0,202501,24,46.16,3100.88,0.592931327318276,0,0.0
3926,0,202502,25,48.52,3190.14,0.592931327318276,0,0.0
3926,0,202503,26,47.14,3080.4,0.592931327318276,0,0.0
3926,0,202504,27,47.88,3523.05,0.592931327318276,1,0.592931327318276
3926,0,202505,28,55.73,4121.1,0.592931327318276,1,0.592931327318276
3926,0,202506,29,62.49,4760.94,0.592931327318276,1,0.592931327318276
3926,0,202507,30,67.35,4887.49,0.592931327318276,1,0.592931327318276
3926,0,202508,31,76.02,25672.53,0.592931327318276,1,0.592931327318276
3926,0,202509,32,69.31,10816.56,0.592931327318276,1,0.592931327318276
3926,0,202510,33,80.32,12787.93,0.592931327318276,1,0.592931327318276
3926,0,202511,34,68.75,5008.64,0.592931327318276,1,0.592931327318276
3926,0,202512,35,75.52,5274.7,0.592931327318276,1,0.592931327318276
4202,1,202301,0,106.71,5609.28,0.5082599842937704,0,0.0
4202,1,202302,1,87.46,5228.14,0.5082599842937704,0,0.0
4202,1,202303,2,73.79,3492.04,0.5082599842937704,0,0.0
4202,1,202304,3,83.59,4384.29,0.5082599842937704,0,0.0
4202,1,202305,4,91.51,4489.22,0.5082599842937704,0,0.0
4202,1,202306,5,109.38,5787.83,0.5082599842937704,0,0.0
4202,1,202307,6,109.94,5354.43,0.5082599842937704,0,0.0
4202,1,202308,7,105.82,5570.98,0.5082599842937704,0,0.0
4202,1,202309,8,115.42,6372.02,0.5082599842937704,0,0.0
4202,1,202310,9,89.07,4965.67,0.5082599842937704,0,0.0
4202,1,202311,10,84.28,4845.18,0.5082599842937704,0,0.0
4202,1,202312,11,93.54,4957.55,0.5082599842937704,0,0.0
4202,1,202401,12,102.53,5573.3,0.5082599842937704,0,0.0
4202,1,202402,13,101.07,5970.75,0.5082599842937704,0,0.0
4202,1,202403,14,92.65,5762.38,0.5082599842937704,0,0.0
4202,1,202404,15,92.05,3417.17,0.5082599842937704,0,0.0
4202,1,202405,16,101.21,3669.65,0.5082599842937704,0,0.0
4202,1,202406,17,106.56,3594.24,0.5082599842937704,0,0.0
4202,1,202407,18,117.08,4217.89,0.5082599842937704,0,0.0
4202,1,202408,19,131.96,4620.66,0.5082599842937704,0,0.0
4202,1,202409,20,142.4,4827.61,0.5082599842937704,0,0.0
4202,1,202410,21,132.19,4707.22,0.5082599842937704,0,0.0
4202,1,202411,22,88.12,3245.12,0.5082599842937704,0,0.0
4202,1,202412,23,109.99,4226.54,0.5082599842937704,0,0.0
4202,1,202501,24,125.47,4822.03,0.5082599842937704,0,0.0
4202,1,202502,25,99.27,3897.12,0.5082599842937704,0,0.0
4202,1,202503,26,116.27,4388.78,0.5082599842937704,0,0.0
4202,1,202504,27,114.15,4419.59,0.5082599842937704,1,0.5082599842937704
4202,1,202505,28,122.48,4976.58,0.5082599842937704,1,0.5082599842937704
4202,1,202506,29,128.21,4718.86,0.5082599842937704,1,0.5082599842937704
4202,1,202507,30,140.61,5307.16,0.5082599842937704,1,0.5082599842937704
4202,1,202508,31,140.86,8064.33,0.5082599842937704,1,0.5082599842937704
4202,1,202509,32,132.08,10567.67,0.5082599842937704,1,0.5082599842937704
4202,1,202510,33,123.46,8957.25,0.5082599842937704,1,0.5082599842937704
4202,1,202511,34,119.74,4630.15,0.5082599842937704,1,0.5082599842937704
4202,1,202512,35,123.84,4731.76,0.5082599842937704,1,0.5082599842937704
6110,2,202301,0,165.75,7186.44,0.43468577984429585,0,0.0
6110,2,202302,1,133.49,5607.82,0.43468577984429585,0,0.0
6110,2,202303,2,129.96,5548.03,0.43468577984429585,0,0.0
6110,2,202304,3,132.98,6011.2,0.43468577984429585,0,0.0
6110,2,202305,4,174.94,8331.8,0.43468577984429585,0,0.0
6110,2,202306,5,204.42,9474.8,0.43468577984429585,0,0.0
6110,2,202307,6,248.36,12338.06,0.43468577984429585,0,0.0
6110,2,202308,7,275.02,13836.58,0.43468577984429585,0,0.0
6110,2,202309,8,253.83,12452.56,0.43468577984429585,0,0.0
6110,2,202310,9,204.36,10426.45,0.43468577984429585,0,0.0
6110,2,202311,10,161.13,8126.12,0.43468577984429585,0,0.0
6110,2,202312,11,129.25,6265.83,0.43468577984429585,0,0.0
6110,2,202401,12,138.62,6428.08,0.43468577984429585,0,0.0
6110,2,202402,13,114.97,5401.62,0.43468577984429585,0,0.0
6110,2,202403,14,105.2,4707.42,0.43468577984429585,0,0.0
6110,2,202404,15,99.6,3257.59,0.43468577984429585,0,0.0
6110,2,202405,16,137.19,4515.19,0.43468577984429585,0,0.0
6110,2,202406,17,178.44,5795.83,0.43468577984429585,0,0.0
6110,2,202407,18,247.18,8309.72,0.43468577984429585,0,0.0
6110,2,202408,19,277.54,9296.36,0.43468577984429585,0,0.0
6110,2,202409,20,320.47,10880.15,0.43468577984429585,0,0.0
6110,2,202410,21,269.49,9196.92,0.43468577984429585,0,0.0
6110,2,202411,22,191.65,6549.42,0.43468577984429585,0,0.0
6110,2,202412,23,169.95,5817.99,0.43468577984429585,0,0.0
6110,2,202501,24,170.92,5868.89,0.43468577984429585,0,0.0
6110,2,202502,25,123.87,4224.81,0.43468577984429585,0,0.0
6110,2,202503,26,132.11,4548.5,0.43468577984429585,0,0.0
6110,2,202504,27,124.66,4272.87,0.43468577984429585,1,0.43468577984429585
6110,2,202505,28,167.7,5680.38,0.43468577984429585,1,0.43468577984429585
6110,2,202506,29,222.19,7400.36,0.43468577984429585,1,0.43468577984429585
6110,2,202507,30,295.51,9691.33,0.43468577984429585,1,0.43468577984429585
6110,2,202508,31,298.93,16098.41,0.43468577984429585,1,0.43468577984429585
6110,2,202509,32,314.31,15657.53,0.43468577984429585,1,0.43468577984429585
6110,2,202510,33,256.34,12759.49,0.43468577984429585,1,0.43468577984429585
6110,2,202511,34,199.61,6421.96,0.43468577984429585,1,0.43468577984429585
6110,2,202512,35,209.14,6791.32,0.43468577984429585,1,0.43468577984429585
6204,3,202301,0,205.13,8810.84,0.42349635741507496,0,0.0
6204,3,202302,1,183.12,7531.83,0.42349635741507496,0,0.0
6204,3,202303,2,169.87,6470.22,0.42349635741507496,0,0.0
6204,3,202304,3,157.94,6391.83,0.42349635741507496,0,0.0
6204,3,202305,4,143.5,6112.79,0.42349635741507496,0,0.0
6204,3,202306,5,147.8,6603.94,0.42349635741507496,0,0.0
6204,3,202307,6,181.88,7731.07,0.42349635741507496,0,0.0
6204,3,202308,7,132.49,5983.39,0.42349635741507496,0,0.0
6204,3,202309,8,130.02,6132.23,0.42349635741507496,0,0.0
6204,3,202310,9,109.7,4837.07,0.42349635741507496,0,0.0
6204,3,202311,10,105.43,5130.35,0.42349635741507496,0,0.0
6204,3,202312,11,151.95,6689.35,0.42349635741507496,0,0.0
6204,3,202401,12,210.38,9755.54,0.42349635741507496,0,0.0
6204,3,202402,13,229.18,10719.29,0.42349635741507496,0,0.0
6204,3,202403,14,174.8,7341.15,0.42349635741507496,0,0.0
6204,3,202404,15,177.4,4809.88,0.42349635741507496,0,0.0
6204,3,202405,16,151.4,4115.3,0.42349635741507496,0,0.0
6204,3,202406,17,152.79,4379.3,0.42349635741507496,0,0.0
6204,3,202407,18,183.27,5806.44,0.42349635741507496,0,0.0
6204,3,202408,19,136.67,4228.55,0.42349635741507496,0,0.0
6204,3,202409,20,143.94,4695.24,0.42349635741507496,0,0.0
6204,3,202410,21,133.57,4117.7,0.42349635741507496,0,0.0
6204,3,202411,22,114.54,3400.08,0.42349635741507496,0,0.0
6204,3,202412,23,164.95,5159.13,0.42349635741507496,0,0.0
6204,3,202501,24,245.25,7336.48,0.42349635741507496,0,0.0
6204,3,202502,25,197.02,5773.5,0.42349635741507496,0,0.0
6204,3,202503,26,208.4,6098.72,0.42349635741507496,0,0.0
6204,3,202504,27,213.51,6342.3,0.42349635741507496,1,0.42349635741507496
6204,3,202505,28,166.0,5057.12,0.42349635741507496,1,0.42349635741507496
6204,3,202506,29,184.41,5974.41,0.42349635741507496,1,0.42349635741507496
6204,3,202507,30,185.92,5904.81,0.42349635741507496,1,0.42349635741507496
6204,3,202508,31,146.88,7078.66,0.42349635741507496,1,0.42349635741507496
6204,3,202509,32,151.83,7060.4,0.42349635741507496,1,0.42349635741507496
6204,3,202510,33,136.45,5914.26,0.42349635741507496,1,0.42349635741507496
6204,3,202511,34,114.48,3591.62,0.42349635741507496,1,0.42349635741507496
6204,3,202512,35,180.45,5588.98,0.42349635741507496,1,0.42349635741507496
6402,4,202301,0,125.18,5039.33,0.6876787251706538,0,0.0
6402,4,202302,1,93.56,3769.32,0.6876787251706538,0,0.0
6402,4,202303,2,106.68,4245.22,0.6876787251706538,0,0.0
6402,4,202304,3,105.87,4217.83,0.6876787251706538,0,0.0
6402,4,202305,4,118.05,4757.66,0.6876787251706538,0,0.0
6402,4,202306,5,112.05,4535.95,0.6876787251706538,0,0.0
6402,4,202307,6,109.66,4040.84,0.6876787251706538,0,0.0
6402,4,202308,7,138.5,5183.49,0.6876787251706538,0,0.0
6402,4,202309,8,114.08,4289.67,0.6876787251706538,0,0.0
6402,4,202310,9,100.81,3633.01,0.6876787251706538,0,0.0
6402,4,202311,10,120.96,4375.83,0.6876787251706538,0,0.0
6402,4,202312,11,142.01,4983.15,0.6876787251706538,0,0.0
6402,4,202401,12,157.54,5657.26,0.6876787251706538,0,0.0
6402,4,202402,13,141.87,5129.13,0.6876787251706538,0,0.0
6402,4,202403,14,134.57,4886.21,0.6876787251706538,0,0.0
6402,4,202404,15,118.68,4302.86,0.6876787251706538,0,0.0
6402,4,202405,16,141.68,5046.61,0.6876787251706538,0,0.0
6402,4,202406,17,137.55,4934.25,0.6876787251706538,0,0.0
6402,4,202407,18,124.26,4902.33,0.6876787251706538,0,0.0
6402,4,202408,19,128.08,5118.77,0.6876787251706538,0,0.0
6402,4,202409,20,142.34,5734.22,0.6876787251706538,0,0.0
6402,4,202410,21,126.25,4981.74,0.6876787251706538,0,0.0
6402,4,202411,22,137.67,5365.21,0.6876787251706538,0,0.0
6402,4,202412,23,158.54,6148.11,0.6876787251706538,0,0.0
6402,4,202501,24,162.03,6488.33,0.6876787251706538,0,0.0
6402,4,202502,25,135.03,5419.93,0.6876787251706538,0,0.0
6402,4,202503,26,165.82,6691.28,0.6876787251706538,0,0.0
6402,4,202504,27,179.61,7071.61,0.6876787251706538,1,0.6876787251706538
6402,4,202505,28,173.3,6857.47,0.6876787251706538,1,0.6876787251706538
6402,4,202506,29,184.09,7337.03,0.6876787251706538,1,0.6876787251706538
6402,4,202507,30,151.66,6062.7,0.6876787251706538,1,0.6876787251706538
6402,4,202508,31,176.53,6897.09,0.6876787251706538,1,0.6876787251706538
6402,4,202509,32,161.05,6303.16,0.6876787251706538,1,0.6876787251706538
6402,4,202510,33,138.09,5307.2,0.6876787251706538,1,0.6876787251706538
6402,4,202511,34,148.03,5520.88,0.6876787251706538,1,0.6876787251706538
6402,4,202512,35,193.14,7231.3,0.6876787251706538,1,0.6876787251706538
6403,5,202301,0,252.15,6629.73,0.3564216173855382,0,0.0
6403,5,202302,1,213.24,5577.87,0.3564216173855382,0,0.0
6403,5,202303,2,219.02,5699.41,0.3564216173855382,0,0.0
6403,5,202304,3,200.37,5227.59,0.3564216173855382,0,0.0
6403,5,202305,4,288.65,7574.97,0.3564216173855382,0,0.0
6403,5,202306,5,287.25,7477.05,0.3564216173855382,0,0.0
6403,5,202307,6,302.3,6936.24,0.3564216173855382,0,0.0
6403,5,202308,7,372.45,8507.88,0.3564216173855382,0,0.0
6403,5,202309,8,335.38,7696.15,0.3564216173855382,0,0.0
6403,5,202310,9,274.08,6301.4,0.3564216173855382,0,0.0
6403,5,202311,10,249.42,5749.94,0.3564216173855382,0,0.0
6403,5,202312,11,255.42,5710.46,0.3564216173855382,0,0.0
6403,5,202401,12,307.19,6934.22,0.3564216173855382,0,0.0
6403,5,202402,13,254.01,5697.97,0.3564216173855382,0,0.0
6403,5,202403,14,242.56,5456.48,0.3564216173855382,0,0.0
6403,5,202404,15,222.25,4991.29,0.3564216173855382,0,0.0
6403,5,202405,16,293.5,6606.07,0.3564216173855382,0,0.0
6403,5,202406,17,320.84,7241.74,0.3564216173855382,0,0.0
6403,5,202407,18,352.87,7689.61,0.3564216173855382,0,0.0
6403,5,202408,19,390.11,8500.64,0.3564216173855382,0,0.0
6403,5,202409,20,403.09,8759.35,0.3564216173855382,0,0.0
6403,5,202410,21,359.59,7942.76,0.3564216173855382,0,0.0
6403,5,202411,22,246.26,5380.88,0.3564216173855382,0,0.0
6403,5,202412,23,285.64,6243.21,0.3564216173855382,0,0.0
6403,5,202501,24,295.19,6465.02,0.3564216173855382,0,0.0
6403,5,202502,25,242.17,5327.25,0.3564216173855382,0,0.0
6403,5,202503,26,240.5,5294.44,0.3564216173855382,0,0.0
6403,5,202504,27,275.72,6065.14,0.3564216173855382,1,0.3564216173855382
6403,5,202505,28,315.02,6893.54,0.3564216173855382,1,0.3564216173855382
6403,5,202506,29,364.81,7941.83,0.3564216173855382,1,0.3564216173855382
6403,5,202507,30,365.57,7935.83,0.3564216173855382,1,0.3564216173855382
6403,5,202508,31,392.42,8770.78,0.3564216173855382,1,0.3564216173855382
6403,5,202509,32,371.5,8362.77,0.3564216173855382,1,0.3564216173855382
6403,5,202510,33,268.01,6081.45,0.3564216173855382,1,0.3564216173855382
6403,5,202511,34,261.77,5964.25,0.3564216173855382,1,0.3564216173855382
6403,5,202512,35,271.46,6133.56,0.3564216173855382,1,0.3564216173855382
7326,6,202301,0,15.04,5757.87,0.371942620179757,0,0.0
7326,6,202302,1,13.29,4804.74,0.371942620179757,0,0.0
7326,6,202303,2,8.2,2673.67,0.371942620179757,0,0.0
7326,6,202304,3,8.01,2567.69,0.371942620179757,0,0.0
7326,6,202305,4,8.53,2362.01,0.371942620179757,0,0.0
7326,6,202306,5,5.96,1702.77,0.371942620179757,0,0.0
7326,6,202307,6,6.5,1868.45,0.371942620179757,0,0.0
7326,6,202308,7,5.72,1484.96,0.371942620179757,0,0.0
7326,6,202309,8,6.15,1303.13,0.371942620179757,0,0.0
7326,6,202310,9,6.89,1615.91,0.371942620179757,0,0.0
7326,6,202311,10,6.23,1709.24,0.371942620179757,0,0.0
7326,6,202312,11,7.26,2226.0,0.371942620179757,0,0.0
7326,6,202401,12,9.11,2962.58,0.371942620179757,0,0.0
7326,6,202402,13,9.31,2818.59,0.371942620179757,0,0.0
7326,6,202403,14,6.32,2001.69,0.371942620179757,0,0.0
7326,6,202404,15,7.98,2067.58,0.371942620179757,0,0.0
7326,6,202405,16,9.29,2359.26,0.371942620179757,0,0.0
7326,6,202406,17,7.24,2019.4,0.371942620179757,0,0.0
7326,6,202407,18,9.96,3147.36,0.371942620179757,0,0.0
7326,6,202408,19,9.27,2368.2,0.371942620179757,0,0.0
7326,6,202409,20,10.51,2797.84,0.371942620179757,0,0.0
7326,6,202410,21,10.91,2635.13,0.371942620179757,0,0.0
7326,6,202411,22,11.8,2882.34,0.371942620179757,0,0.0
7326,6,202412,23,13.03,3978.95,0.371942620179757,0,0.0
7326,6,202501,24,15.97,4558.55,0.371942620179757,0,0.0
7326,6,202502,25,14.89,3947.21,0.371942620179757,0,0.0
7326,6,202503,26,13.82,3856.08,0.371942620179757,0,0.0
7326,6,202504,27,14.54,3824.71,0.371942620179757,1,0.371942620179757
7326,6,202505,28,11.65,2907.97,0.371942620179757,1,0.371942620179757
7326,6,202506,29,11.05,2983.43,0.371942620179757,1,0.371942620179757
7326,6,202507,30,14.84,3953.83,0.371942620179757,1,0.371942620179757
7326,6,202508,31,12.47,3524.31,0.371942620179757,1,0.371942620179757
7326,6,202509,32,14.27,3701.46,0.371942620179757,1,0.371942620179757
7326,6,202510,33,16.38,4843.54,0.371942620179757,1,0.371942620179757
7326,6,202511,34,14.8,4797.47,0.371942620179757,1,0.371942620179757
7326,6,202512,35,15.36,5848.73,0.371942620179757,1,0.371942620179757
8443,7,202301,0,118.48,4852.73,0.1675662022525517,0,0.0
8443,7,202302,1,102.34,4203.93,0.1675662022525517,0,0.0
8443,7,202303,2,103.54,4062.16,0.1675662022525517,0,0.0
8443,7,202304,3,66.09,2402.65,0.1675662022525517,0,0.0
8443,7,202305,4,77.86,2780.42,0.1675662022525517,0,0.0
8443,7,202306,5,84.72,2763.07,0.1675662022525517,0,0.0
8443,7,202307,6,99.38,3326.76,0.1675662022525517,0,0.0
8443,7,202308,7,108.63,3892.48,0.1675662022525517,0,0.0
8443,7,202309,8,106.54,3836.88,0.1675662022525517,0,0.0
8443,7,202310,9,93.28,3090.97,0.1675662022525517,0,0.0
8443,7,202311,10,130.73,4778.74,0.1675662022525517,0,0.0
8443,7,202312,11,111.21,4101.63,0.1675662022525517,0,0.0
8443,7,202401,12,98.83,3520.66,0.1675662022525517,0,0.0
8443,7,202402,13,87.19,2945.91,0.1675662022525517,0,0.0
8443,7,202403,14,121.72,4324.72,0.1675662022525517,0,0.0
8443,7,202404,15,107.59,3528.01,0.1675662022525517,0,0.0
8443,7,202405,16,91.58,3032.57,0.1675662022525517,0,0.0
8443,7,202406,17,70.99,2494.34,0.1675662022525517,0,0.0
8443,7,202407,18,94.08,3292.83,0.1675662022525517,0,0.0
8443,7,202408,19,112.0,4067.16,0.1675662022525517,0,0.0
8443,7,202409,20,123.64,4608.17,0.1675662022525517,0,0.0
8443,7,202410,21,108.35,3962.3,0.1675662022525517,0,0.0
8443,7,202411,22,113.61,4132.87,0.1675662022525517,0,0.0
8443,7,202412,23,119.85,4375.84,0.1675662022525517,0,0.0
8443,7,202501,24,127.81,4763.02,0.1675662022525517,0,0.0
8443,7,202502,25,91.79,3104.26,0.1675662022525517,0,0.0
8443,7,202503,26,100.77,3593.45,0.1675662022525517,0,0.0
8443,7,202504,27,98.69,3316.14,0.1675662022525517,1,0.1675662022525517
8443,7,202505,28,116.41,3881.48,0.1675662022525517,1,0.1675662022525517
8443,7,202506,29,116.38,4294.68,0.1675662022525517,1,0.1675662022525517
8443,7,202507,30,113.13,4239.29,0.1675662022525517,1,0.1675662022525517
8443,7,202508,31,109.72,4229.1,0.1675662022525517,1,0.1675662022525517
8443,7,202509,32,119.1,4642.59,0.1675662022525517,1,0.1675662022525517
8443,7,202510,33,97.2,3641.48,0.1675662022525517,1,0.1675662022525517
8443,7,202511,34,103.97,4052.57,0.1675662022525517,1,0.1675662022525517
8443,7,202512,35,102.62,3877.53,0.1675662022525517,1,0.1675662022525517
8471,8,202301,0,326.86,1306.18,0.39643031296790476,0,0.0
8471,8,202302,1,380.63,1493.44,0.39643031296790476,0,0.0
8471,8,202303,2,635.56,2390.72,0.39643031296790476,0,0.0
8471,8,202304,3,498.13,1919.59,0.39643031296790476,0,0.0
8471,8,202305,4,736.35,2776.95,0.39643031296790476,0,0.0
8471,8,202306,5,835.46,2988.55,0.39643031296790476,0,0.0
8471,8,202307,6,800.04,2870.49,0.39643031296790476,0,0.0
8471,8,202308,7,881.57,3203.92,0.39643031296790476,0,0.0
8471,8,202309,8,931.16,3324.28,0.39643031296790476,0,0.0
8471,8,202310,9,1169.68,4073.13,0.39643031296790476,0,0.0
8471,8,202311,10,1272.32,4510.78,0.39643031296790476,0,0.0
8471,8,202312,11,1018.89,3640.36,0.39643031296790476,0,0.0
8471,8,202401,12,983.91,3562.87,0.39643031296790476,0,0.0
8471,8,202402,13,1170.61,4025.32,0.39643031296790476,0,0.0
8471,8,202403,14,1175.91,4027.11,0.39643031296790476,0,0.0
8471,8,202404,15,1233.38,4342.76,0.39643031296790476,0,0.0
8471,8,202405,16,1517.08,5377.65,0.39643031296790476,0,0.0
8471,8,202406,17,1450.86,5032.12,0.39643031296790476,0,0.0
8471,8,202407,18,1548.56,5365.48,0.39643031296790476,0,0.0
8471,8,202408,19,1357.68,4764.7,0.39643031296790476,0,0.0
8471,8,202409,20,1420.81,5062.54,0.39643031296790476,0,0.0
8471,8,202410,21,1386.75,5031.45,0.39643031296790476,0,0.0
8471,8,202411,22,1413.86,4958.15,0.39643031296790476,0,0.0
8471,8,202412,23,1314.86,4649.26,0.39643031296790476,0,0.0
8471,8,202501,24,1636.76,5731.11,0.39643031296790476,0,0.0
8471,8,202502,25,1483.89,5064.05,0.39643031296790476,0,0.0
8471,8,202503,26,2651.69,9151.07,0.39643031296790476,0,0.0
8471,8,202504,27,2935.97,10240.8,0.39643031296790476,1,0.39643031296790476
8471,8,202505,28,3563.19,12283.59,0.39643031296790476,1,0.39643031296790476
8471,8,202506,29,4056.88,14267.56,0.39643031296790476,1,0.39643031296790476
8471,8,202507,30,3664.16,12612.78,0.39643031296790476,1,0.39643031296790476
8471,8,202508,31,2917.79,10115.44,0.39643031296790476,1,0.39643031296790476
8471,8,202509,32,2997.21,10349.25,0.39643031296790476,1,0.39643031296790476
8471,8,202510,33,2980.08,10391.04,0.39643031296790476,1,0.39643031296790476
8471,8,202511,34,2723.79,9478.69,0.39643031296790476,1,0.39643031296790476
8471,8,202512,35,2762.23,9765.74,0.39643031296790476,1,0.39643031296790476
8473,9,202301,0,95.76,360.67,0.20922547448162448,0,0.0
8473,9,202302,1,90.85,372.13,0.20922547448162448,0,0.0
8473,9,202303,2,149.67,600.75,0.20922547448162448,0,0.0
8473,9,202304,3,117.95,472.67,0.20922547448162448,0,0.0
8473,9,202305,4,114.63,429.81,0.20922547448162448,0,0.0
8473,9,202306,5,191.8,695.88,0.20922547448162448,0,0.0
8473,9,202307,6,278.42,1061.0,0.20922547448162448,0,0.0
8473,9,202308,7,134.98,510.53,0.20922547448162448,0,0.0
8473,9,202309,8,241.16,913.0,0.20922547448162448,0,0.0
8473,9,202310,9,290.28,1094.81,0.20922547448162448,0,0.0
8473,9,202311,10,246.65,926.42,0.20922547448162448,0,0.0
8473,9,202312,11,391.77,1500.56,0.20922547448162448,0,0.0
8473,9,202401,12,180.2,699.81,0.20922547448162448,0,0.0
8473,9,202402,13,222.88,861.95,0.20922547448162448,0,0.0
8473,9,202403,14,479.05,1836.08,0.20922547448162448,0,0.0
8473,9,202404,15,315.26,1215.24,0.20922547448162448,0,0.0
8473,9,202405,16,497.04,1913.18,0.20922547448162448,0,0.0
8473,9,202406,17,437.12,1674.81,0.20922547448162448,0,0.0
8473,9,202407,18,509.02,1915.52,0.20922547448162448,0,0.0
8473,9,202408,19,623.09,2329.56,0.20922547448162448,0,0.0
8473,9,202409,20,740.71,2783.11,0.20922547448162448,0,0.0
8473,9,202410,21,555.88,2097.92,0.20922547448162448,0,0.0
8473,9,202411,22,808.09,3081.79,0.20922547448162448,0,0.0
8473,9,202412,23,970.98,3654.9,0.20922547448162448,0,0.0
8473,9,202501,24,767.68,2894.27,0.20922547448162448,0,0.0
8473,9,202502,25,713.57,2686.87,0.20922547448162448,0,0.0
8473,9,202503,26,1210.03,4514.26,0.20922547448162448,0,0.0
8473,9,202504,27,788.65,2954.35,0.20922547448162448,1,0.20922547448162448
8473,9,202505,28,841.85,3170.16,0.20922547448162448,1,0.20922547448162448
8473,9,202506,29,990.85,3741.29,0.20922547448162448,1,0.20922547448162448
8473,9,202507,30,1024.5,3870.23,0.20922547448162448,1,0.20922547448162448
8473,9,202508,31,1103.76,4378.61,0.20922547448162448,1,0.20922547448162448
8473,9,202509,32,1317.39,5270.07,0.20922547448162448,1,0.20922547448162448
8473,9,202510,33,1148.47,4564.92,0.20922547448162448,1,0.20922547448162448
8473,9,202511,34,1578.02,6293.95,0.20922547448162448,1,0.20922547448162448
8473,9,202512,35,2169.69,8604.5,0.20922547448162448,1,0.20922547448162448
8504,10,202301,0,159.26,2764.26,0.20349559537261644,0,0.0
8504,10,202302,1,123.62,2172.73,0.20349559537261644,0,0.0
8504,10,202303,2,126.55,2179.27,0.20349559537261644,0,0.0
8504,10,202304,3,120.24,2123.19,0.20349559537261644,0,0.0
8504,10,202305,4,118.86,2087.39,0.20349559537261644,0,0.0
8504,10,202306,5,135.33,2356.46,0.20349559537261644,0,0.0
8504,10,202307,6,118.02,1890.62,0.20349559537261644,0,0.0
8504,10,202308,7,135.95,2161.78,0.20349559537261644,0,0.0
8504,10,202309,8,135.68,2154.21,0.20349559537261644,0,0.0
8504,10,202310,9,126.12,2018.05,0.20349559537261644,0,0.0
8504,10,202311,10,116.67,1836.12,0.20349559537261644,0,0.0
8504,10,202312,11,116.41,1809.51,0.20349559537261644,0,0.0
8504,10,202401,12,122.41,1914.34,0.20349559537261644,0,0.0
8504,10,202402,13,127.6,2010.31,0.20349559537261644,0,0.0
8504,10,202403,14,136.35,2166.04,0.20349559537261644,0,0.0
8504,10,202404,15,146.14,2266.89,0.20349559537261644,0,0.0
8504,10,202405,16,114.22,1803.2,0.20349559537261644,0,0.0
8504,10,202406,17,109.32,1748.42,0.20349559537261644,0,0.0
8504,10,202407,18,148.8,2346.12,0.20349559537261644,0,0.0
8504,10,202408,19,158.65,2456.41,0.20349559537261644,0,0.0
8504,10,202409,20,170.26,2673.5,0.20349559537261644,0,0.0
8504,10,202410,21,152.61,2406.85,0.20349559537261644,0,0.0
8504,10,202411,22,133.82,2129.0,0.20349559537261644,0,0.0
8504,10,202412,23,137.88,2171.66,0.20349559537261644,0,0.0
8504,10,202501,24,151.56,2392.6,0.20349559537261644,0,0.0
8504,10,202502,25,125.47,2006.87,0.20349559537261644,0,0.0
8504,10,202503,26,176.51,2783.2,0.20349559537261644,0,0.0
8504,10,202504,27,179.66,2890.0,0.20349559537261644,1,0.20349559537261644
8504,10,202505,28,155.61,2466.68,0.20349559537261644,1,0.20349559537261644
8504,10,202506,29,177.33,2784.74,0.20349559537261644,1,0.20349559537261644
8504,10,202507,30,231.68,3621.55,0.20349559537261644,1,0.20349559537261644
8504,10,202508,31,190.92,3220.69,0.20349559537261644,1,0.20349559537261644
8504,10,202509,32,193.22,4246.36,0.20349559537261644,1,0.20349559537261644
8504,10,202510,33,170.5,2874.94,0.20349559537261644,1,0.20349559537261644
8504,10,202511,34,151.67,2578.91,0.20349559537261644,1,0.20349559537261644
8504,10,202512,35,168.68,2875.47,0.20349559537261644,1,0.20349559537261644
8516,11,202301,0,6.85,283.15,0.6255708163552058,0,0.0
8516,11,202302,1,6.14,207.28,0.6255708163552058,0,0.0
8516,11,202303,2,7.19,282.83,0.6255708163552058,0,0.0
8516,11,202304,3,8.58,489.88,0.6255708163552058,0,0.0
8516,11,202305,4,8.03,317.26,0.6255708163552058,0,0.0
8516,11,202306,5,6.98,314.35,0.6255708163552058,0,0.0
8516,11,202307,6,7.06,347.0,0.6255708163552058,0,0.0
8516,11,202308,7,12.8,716.35,0.6255708163552058,0,0.0
8516,11,202309,8,11.0,560.91,0.6255708163552058,0,0.0
8516,11,202310,9,15.37,864.77,0.6255708163552058,0,0.0
8516,11,202311,10,11.49,608.3,0.6255708163552058,0,0.0
8516,11,202312,11,10.81,620.78,0.6255708163552058,0,0.0
8516,11,202401,12,9.56,414.0,0.6255708163552058,0,0.0
8516,11,202402,13,10.6,351.31,0.6255708163552058,0,0.0
8516,11,202403,14,5.62,217.3,0.6255708163552058,0,0.0
8516,11,202404,15,7.49,266.0,0.6255708163552058,0,0.0
8516,11,202405,16,8.2,274.87,0.6255708163552058,0,0.0
8516,11,202406,17,9.71,438.92,0.6255708163552058,0,0.0
8516,11,202407,18,10.74,575.08,0.6255708163552058,0,0.0
8516,11,202408,19,19.16,1127.47,0.6255708163552058,0,0.0
8516,11,202409,20,21.21,1414.01,0.6255708163552058,0,0.0
8516,11,202410,21,21.94,1571.49,0.6255708163552058,0,0.0
8516,11,202411,22,20.7,1424.54,0.6255708163552058,0,0.0
8516,11,202412,23,12.83,668.96,0.6255708163552058,0,0.0
8516,11,202501,24,13.07,683.08,0.6255708163552058,0,0.0
8516,11,202502,25,12.96,816.13,0.6255708163552058,0,0.0
8516,11,202503,26,16.89,1108.43,0.6255708163552058,0,0.0
8516,11,202504,27,19.56,1312.28,0.6255708163552058,1,0.6255708163552058
8516,11,202505,28,25.31,1996.36,0.6255708163552058,1,0.6255708163552058
8516,11,202506,29,28.78,2408.16,0.6255708163552058,1,0.6255708163552058
8516,11,202507,30,43.87,3627.2,0.6255708163552058,1,0.6255708163552058
8516,11,202508,31,67.21,5883.16,0.6255708163552058,1,0.6255708163552058
8516,11,202509,32,80.79,6943.14,0.6255708163552058,1,0.6255708163552058
8516,11,202510,33,81.05,6909.01,0.6255708163552058,1,0.6255708163552058
8516,11,202511,34,88.87,7359.8,0.6255708163552058,1,0.6255708163552058
8516,11,202512,35,68.32,6163.1,0.6255708163552058,1,0.6255708163552058
8517,12,202301,0,1828.5,7661.54,0.49320772139853813,0,0.0
8517,12,202302,1,1755.86,4957.06,0.49320772139853813,0,0.0
8517,12,202303,2,1502.01,5317.53,0.49320772139853813,0,0.0
8517,12,202304,3,1701.33,4927.02,0.49320772139853813,0,0.0
8517,12,202305,4,1374.78,5043.33,0.49320772139853813,0,0.0
8517,12,202306,5,1255.14,3869.07,0.49320772139853813,0,0.0
8517,12,202307,6,1616.56,4191.23,0.49320772139853813,0,0.0
8517,12,202308,7,1521.38,4195.35,0.49320772139853813,0,0.0
8517,12,202309,8,1897.83,4985.16,0.49320772139853813,0,0.0
8517,12,202310,9,1703.08,5085.13,0.49320772139853813,0,0.0
8517,12,202311,10,1711.45,5160.62,0.49320772139853813,0,0.0
8517,12,202312,11,1289.67,4493.44,0.49320772139853813,0,0.0
8517,12,202401,12,964.25,3101.73,0.49320772139853813,0,0.0
8517,12,202402,13,771.61,2938.18,0.49320772139853813,0,0.0
8517,12,202403,14,882.78,3399.9,0.49320772139853813,0,0.0
8517,12,202404,15,1072.5,4174.92,0.49320772139853813,0,0.0
8517,12,202405,16,1091.17,4506.47,0.49320772139853813,0,0.0
8517,12,202406,17,1329.22,4841.81,0.49320772139853813,0,0.0
8517,12,202407,18,1080.66,4578.02,0.49320772139853813,0,0.0
8517,12,202408,19,1165.83,4768.96,0.49320772139853813,0,0.0
8517,12,202409,20,1816.28,5897.14,0.49320772139853813,0,0.0
8517,12,202410,21,1614.87,6180.48,0.49320772139853813,0,0.0
8517,12,202411,22,1600.97,6572.67,0.49320772139853813,0,0.0
8517,12,202412,23,1237.95,4707.92,0.49320772139853813,0,0.0
8517,12,202501,24,1718.26,5334.9,0.49320772139853813,0,0.0
8517,12,202502,25,1892.28,6078.03,0.49320772139853813,0,0.0
8517,12,202503,26,2157.88,7003.97,0.49320772139853813,0,0.0
8517,12,202504,27,2339.88,8340.89,0.49320772139853813,1,0.49320772139853813
8517,12,202505,28,2352.16,8500.83,0.49320772139853813,1,0.49320772139853813
8517,12,202506,29,2284.02,12298.23,0.49320772139853813,1,0.49320772139853813
8517,12,202507,30,2688.27,6566.0,0.49320772139853813,1,0.49320772139853813
8517,12,202508,31,2379.49,5682.46,0.49320772139853813,1,0.49320772139853813
8517,12,202509,32,2715.19,6939.57,0.49320772139853813,1,0.49320772139853813
8517,12,202510,33,3761.39,10004.47,0.49320772139853813,1,0.49320772139853813
8517,12,202511,34,3248.71,8820.61,0.49320772139853813,1,0.49320772139853813
8517,12,202512,35,3618.88,9854.33,0.49320772139853813,1,0.49320772139853813
8528,13,202301,0,100.25,2849.14,0.3347814968181058,0,0.0
8528,13,202302,1,85.2,2370.74,0.3347814968181058,0,0.0
8528,13,202303,2,104.42,3002.37,0.3347814968181058,0,0.0
8528,13,202304,3,130.1,3680.27,0.3347814968181058,0,0.0
8528,13,202305,4,129.77,3657.5,0.3347814968181058,0,0.0
8528,13,202306,5,158.87,4825.14,0.3347814968181058,0,0.0
8528,13,202307,6,161.3,4711.66,0.3347814968181058,0,0.0
8528,13,202308,7,113.14,3326.02,0.3347814968181058,0,0.0
8528,13,202309,8,178.43,5248.57,0.3347814968181058,0,0.0
8528,13,202310,9,200.47,6155.18,0.3347814968181058,0,0.0
8528,13,202311,10,162.45,4784.43,0.3347814968181058,0,0.0
8528,13,202312,11,107.91,2984.03,0.3347814968181058,0,0.0
8528,13,202401,12,123.69,3383.93,0.3347814968181058,0,0.0
8528,13,202402,13,135.17,3581.9,0.3347814968181058,0,0.0
8528,13,202403,14,103.64,2458.81,0.3347814968181058,0,0.0
8528,13,202404,15,153.7,4518.75,0.3347814968181058,0,0.0
8528,13,202405,16,150.36,4257.09,0.3347814968181058,0,0.0
8528,13,202406,17,172.18,4812.59,0.3347814968181058,0,0.0
8528,13,202407,18,179.25,5476.47,0.3347814968181058,0,0.0
8528,13,202408,19,154.96,4507.83,0.3347814968181058,0,0.0
8528,13,202409,20,244.06,8075.03,0.3347814968181058,0,0.0
8528,13,202410,21,283.18,9563.35,0.3347814968181058,0,0.0
8528,13,202411,22,185.53,6028.94,0.3347814968181058,0,0.0
8528,13,202412,23,112.7,3242.45,0.3347814968181058,0,0.0
8528,13,202501,24,160.29,4976.05,0.3347814968181058,0,0.0
8528,13,202502,25,150.6,4875.9,0.3347814968181058,0,0.0
8528,13,202503,26,154.18,4478.77,0.3347814968181058,0,0.0
8528,13,202504,27,244.45,7830.34,0.3347814968181058,1,0.3347814968181058
8528,13,202505,28,266.08,8402.4,0.3347814968181058,1,0.3347814968181058
8528,13,202506,29,300.72,9219.2,0.3347814968181058,1,0.3347814968181058
8528,13,202507,30,329.45,9529.36,0.3347814968181058,1,0.3347814968181058
8528,13,202508,31,343.14,10555.37,0.3347814968181058,1,0.3347814968181058
8528,13,202509,32,357.5,10588.27,0.3347814968181058,1,0.3347814968181058
8528,13,202510,33,337.58,10075.71,0.3347814968181058,1,0.3347814968181058
8528,13,202511,34,293.07,8504.0,0.3347814968181058,1,0.3347814968181058
8528,13,202512,35,261.86,7055.68,0.3347814968181058,1,0.3347814968181058
8541,14,202301,0,420.38,69143.59,0.03397421317087017,0,0.0
8541,14,202302,1,450.74,74988.78,0.03397421317087017,0,0.0
8541,14,202303,2,431.99,70861.01,0.03397421317087017,0,0.0
8541,14,202304,3,458.14,76366.92,0.03397421317087017,0,0.0
8541,14,202305,4,392.56,64184.67,0.03397421317087017,0,0.0
8541,14,202306,5,377.83,61774.17,0.03397421317087017,0,0.0
8541,14,202307,6,486.08,86141.37,0.03397421317087017,0,0.0
8541,14,202308,7,424.68,75528.3,0.03397421317087017,0,0.0
8541,14,202309,8,374.22,64995.65,0.03397421317087017,0,0.0
8541,14,202310,9,461.99,80779.99,0.03397421317087017,0,0.0
8541,14,202311,10,426.88,74803.73,0.03397421317087017,0,0.0
8541,14,202312,11,545.35,104506.86,0.03397421317087017,0,0.0
8541,14,202401,12,488.58,92935.67,0.03397421317087017,0,0.0
8541,14,202402,13,578.0,111044.78,0.03397421317087017,0,0.0
8541,14,202403,14,675.75,130479.81,0.03397421317087017,0,0.0
8541,14,202404,15,807.43,154296.62,0.03397421317087017,0,0.0
8541,14,202405,16,714.96,132946.57,0.03397421317087017,0,0.0
8541,14,202406,17,746.1,135026.6,0.03397421317087017,0,0.0
8541,14,202407,18,557.87,182856.55,0.03397421317087017,0,0.0
8541,14,202408,19,382.59,124152.44,0.03397421317087017,0,0.0
8541,14,202409,20,412.89,135515.75,0.03397421317087017,0,0.0
8541,14,202410,21,205.23,64139.52,0.03397421317087017,0,0.0
8541,14,202411,22,164.51,48782.35,0.03397421317087017,0,0.0
8541,14,202412,23,112.24,30574.94,0.03397421317087017,0,0.0
8541,14,202501,24,123.51,30755.08,0.03397421317087017,0,0.0
8541,14,202502,25,135.68,33659.99,0.03397421317087017,0,0.0
8541,14,202503,26,141.57,37392.86,0.03397421317087017,0,0.0
8541,14,202504,27,111.06,25882.52,0.03397421317087017,1,0.03397421317087017
8541,14,202505,28,131.23,32996.93,0.03397421317087017,1,0.03397421317087017
8541,14,202506,29,177.14,50437.98,0.03397421317087017,1,0.03397421317087017
8541,14,202507,30,103.67,22712.97,0.03397421317087017,1,0.03397421317087017
8541,14,202508,31,72.09,23708.49,0.03397421317087017,1,0.03397421317087017
8541,14,202509,32,55.46,17989.43,0.03397421317087017,1,0.03397421317087017
8541,14,202510,33,43.59,5625.72,0.03397421317087017,1,0.03397421317087017
8541,14,202511,34,33.04,3764.75,0.03397421317087017,1,0.03397421317087017
8541,14,202512,35,45.13,6250.06,0.03397421317087017,1,0.03397421317087017
8544,15,202301,0,128.69,8016.74,0.13566753252605626,0,0.0
8544,15,202302,1,103.59,6765.53,0.13566753252605626,0,0.0
8544,15,202303,2,114.91,6416.0,0.13566753252605626,0,0.0
8544,15,202304,3,119.7,8104.6,0.13566753252605626,0,0.0
8544,15,202305,4,123.98,7051.77,0.13566753252605626,0,0.0
8544,15,202306,5,124.0,6456.23,0.13566753252605626,0,0.0
8544,15,202307,6,141.69,7062.33,0.13566753252605626,0,0.0
8544,15,202308,7,158.27,7657.37,0.13566753252605626,0,0.0
8544,15,202309,8,157.63,7146.99,0.13566753252605626,0,0.0
8544,15,202310,9,151.69,6102.22,0.13566753252605626,0,0.0
8544,15,202311,10,161.09,6929.84,0.13566753252605626,0,0.0
8544,15,202312,11,127.53,4816.12,0.13566753252605626,0,0.0
8544,15,202401,12,162.8,5909.45,0.13566753252605626,0,0.0
8544,15,202402,13,140.19,5110.28,0.13566753252605626,0,0.0
8544,15,202403,14,134.59,5995.11,0.13566753252605626,0,0.0
8544,15,202404,15,142.64,6489.88,0.13566753252605626,0,0.0
8544,15,202405,16,150.07,6123.61,0.13566753252605626,0,0.0
8544,15,202406,17,148.88,6003.09,0.13566753252605626,0,0.0
8544,15,202407,18,174.54,7623.08,0.13566753252605626,0,0.0
8544,15,202408,19,173.96,7258.04,0.13566753252605626,0,0.0
8544,15,202409,20,171.94,7669.05,0.13566753252605626,0,0.0
8544,15,202410,21,176.77,7753.35,0.13566753252605626,0,0.0
8544,15,202411,22,165.17,6782.17,0.13566753252605626,0,0.0
8544,15,202412,23,163.27,6366.2,0.13566753252605626,0,0.0
8544,15,202501,24,211.94,10063.83,0.13566753252605626,0,0.0
8544,15,202502,25,173.71,8072.15,0.13566753252605626,0,0.0
8544,15,202503,26,214.96,11441.81,0.13566753252605626,0,0.0
8544,15,202504,27,216.0,11926.51,0.13566753252605626,1,0.13566753252605626
8544,15,202505,28,214.03,10465.66,0.13566753252605626,1,0.13566753252605626
8544,15,202506,29,233.53,11032.87,0.13566753252605626,1,0.13566753252605626
8544,15,202507,30,251.87,12608.07,0.13566753252605626,1,0.13566753252605626
8544,15,202508,31,235.71,10186.87,0.13566753252605626,1,0.13566753252605626
8544,15,202509,32,222.84,9483.16,0.13566753252605626,1,0.13566753252605626
8544,15,202510,33,273.11,10642.6,0.13566753252605626,1,0.13566753252605626
8544,15,202511,34,252.15,10583.1,0.13566753252605626,1,0.13566753252605626
8544,15,202512,35,261.01,10377.53,0.13566753252605626,1,0.13566753252605626
9401,16,202301,0,379.37,49682.4,0.33783279157026774,0,0.0
9401,16,202302,1,329.29,43013.59,0.33783279157026774,0,0.0
9401,16,202303,2,290.92,37617.57,0.33783279157026774,0,0.0
9401,16,202304,3,355.36,46163.43,0.33783279157026774,0,0.0
9401,16,202305,4,383.45,50309.73,0.33783279157026774,0,0.0
9401,16,202306,5,392.96,51776.09,0.33783279157026774,0,0.0
9401,16,202307,6,357.48,46405.4,0.33783279157026774,0,0.0
9401,16,202308,7,385.59,48797.43,0.33783279157026774,0,0.0
9401,16,202309,8,343.08,42818.31,0.33783279157026774,0,0.0
9401,16,202310,9,381.73,48297.71,0.33783279157026774,0,0.0
9401,16,202311,10,405.85,51650.01,0.33783279157026774,0,0.0
9401,16,202312,11,443.58,55365.6,0.33783279157026774,0,0.0
9401,16,202401,12,429.23,53641.18,0.33783279157026774,0,0.0
9401,16,202402,13,456.86,57976.73,0.33783279157026774,0,0.0
9401,16,202403,14,424.8,52899.02,0.33783279157026774,0,0.0
9401,16,202404,15,389.29,48672.9,0.33783279157026774,0,0.0
9401,16,202405,16,492.36,61625.03,0.33783279157026774,0,0.0
9401,16,202406,17,451.91,58184.51,0.33783279157026774,0,0.0
9401,16,202407,18,491.7,68419.9,0.33783279157026774,0,0.0
9401,16,202408,19,468.77,63505.46,0.33783279157026774,0,0.0
9401,16,202409,20,513.25,70741.84,0.33783279157026774,0,0.0
9401,16,202410,21,542.75,74393.05,0.33783279157026774,0,0.0
9401,16,202411,22,509.62,71253.27,0.33783279157026774,0,0.0
9401,16,202412,23,542.36,76706.12,0.33783279157026774,0,0.0
9401,16,202501,24,542.85,76379.88,0.33783279157026774,0,0.0
9401,16,202502,25,507.86,71414.25,0.33783279157026774,0,0.0
9401,16,202503,26,528.66,73369.77,0.33783279157026774,0,0.0
9401,16,202504,27,519.96,72644.34,0.33783279157026774,1,0.33783279157026774
9401,16,202505,28,500.58,69481.36,0.33783279157026774,1,0.33783279157026774
9401,16,202506,29,520.83,73410.34,0.33783279157026774,1,0.33783279157026774
9401,16,202507,30,505.57,69358.71,0.33783279157026774,1,0.33783279157026774
9401,16,202508,31,500.45,68002.51,0.33783279157026774,1,0.33783279157026774
9401,16,202509,32,456.9,62729.54,0.33783279157026774,1,0.33783279157026774
9401,16,202510,33,480.67,66389.97,0.33783279157026774,1,0.33783279157026774
9401,16,202511,34,489.11,67670.04,0.33783279157026774,1,0.33783279157026774
9401,16,202512,35,568.38,80067.83,0.33783279157026774,1,0.33783279157026774
9403,17,202301,0,680.97,176714.72,0.32987861426539994,0,0.0
9403,17,202302,1,497.86,128432.98,0.32987861426539994,0,0.0
9403,17,202303,2,376.56,95778.67,0.32987861426539994,0,0.0
9403,17,202304,3,540.28,138314.09,0.32987861426539994,0,0.0
9403,17,202305,4,603.37,154955.15,0.32987861426539994,0,0.0
9403,17,202306,5,595.96,154041.11,0.32987861426539994,0,0.0
9403,17,202307,6,563.74,141753.71,0.32987861426539994,0,0.0
9403,17,202308,7,593.77,149532.43,0.32987861426539994,0,0.0
9403,17,202309,8,555.26,138935.62,0.32987861426539994,0,0.0
9403,17,202310,9,597.96,151075.24,0.32987861426539994,0,0.0
9403,17,202311,10,598.48,152800.9,0.32987861426539994,0,0.0
9403,17,202312,11,612.44,157029.57,0.32987861426539994,0,0.0
9403,17,202401,12,583.31,149368.13,0.32987861426539994,0,0.0
9403,17,202402,13,686.55,175933.12,0.32987861426539994,0,0.0
9403,17,202403,14,597.16,153324.18,0.32987861426539994,0,0.0
9403,17,202404,15,531.81,134456.57,0.32987861426539994,0,0.0
9403,17,202405,16,705.12,179961.39,0.32987861426539994,0,0.0
9403,17,202406,17,667.23,168058.18,0.32987861426539994,0,0.0
9403,17,202407,18,706.63,188666.64,0.32987861426539994,0,0.0
9403,17,202408,19,686.21,183133.65,0.32987861426539994,0,0.0
9403,17,202409,20,805.14,213327.35,0.32987861426539994,0,0.0
9403,17,202410,21,814.13,217121.06,0.32987861426539994,0,0.0
9403,17,202411,22,745.58,198485.31,0.32987861426539994,0,0.0
9403,17,202412,23,765.84,203113.26,0.32987861426539994,0,0.0
9403,17,202501,24,794.18,211854.0,0.32987861426539994,0,0.0
9403,17,202502,25,746.17,198083.33,0.32987861426539994,0,0.0
9403,17,202503,26,667.36,177809.33,0.32987861426539994,0,0.0
9403,17,202504,27,696.98,185577.84,0.32987861426539994,1,0.32987861426539994
9403,17,202505,28,694.96,184330.21,0.32987861426539994,1,0.32987861426539994
9403,17,202506,29,698.67,185833.95,0.32987861426539994,1,0.32987861426539994
9403,17,202507,30,711.56,189686.3,0.32987861426539994,1,0.32987861426539994
9403,17,202508,31,679.54,182724.22,0.32987861426539994,1,0.32987861426539994
9403,17,202509,32,632.28,171132.06,0.32987861426539994,1,0.32987861426539994
9403,17,202510,33,595.15,160230.39,0.32987861426539994,1,0.32987861426539994
9403,17,202511,34,632.42,169991.73,0.32987861426539994,1,0.32987861426539994
9403,17,202512,35,746.61,196267.65,0.32987861426539994,1,0.32987861426539994
9405,18,202301,0,39.56,1738.63,0.5216145392002935,0,0.0
9405,18,202302,1,42.4,1759.68,0.5216145392002935,0,0.0
9405,18,202303,2,33.98,1477.22,0.5216145392002935,0,0.0
9405,18,202304,3,33.45,1413.69,0.5216145392002935,0,0.0
9405,18,202305,4,38.12,1655.55,0.5216145392002935,0,0.0
9405,18,202306,5,44.09,1868.94,0.5216145392002935,0,0.0
9405,18,202307,6,49.18,2222.22,0.5216145392002935,0,0.0
9405,18,202308,7,68.78,2865.1,0.5216145392002935,0,0.0
9405,18,202309,8,51.97,2264.55,0.5216145392002935,0,0.0
9405,18,202310,9,56.78,2229.6,0.5216145392002935,0,0.0
9405,18,202311,10,50.03,2029.63,0.5216145392002935,0,0.0
9405,18,202312,11,46.16,1996.44,0.5216145392002935,0,0.0
9405,18,202401,12,52.77,2255.28,0.5216145392002935,0,0.0
9405,18,202402,13,65.06,2789.05,0.5216145392002935,0,0.0
9405,18,202403,14,57.85,2474.4,0.5216145392002935,0,0.0
9405,18,202404,15,53.41,2196.17,0.5216145392002935,0,0.0
9405,18,202405,16,56.23,2313.85,0.5216145392002935,0,0.0
9405,18,202406,17,60.83,2443.88,0.5216145392002935,0,0.0
9405,18,202407,18,81.74,3752.77,0.5216145392002935,0,0.0
9405,18,202408,19,85.56,4097.83,0.5216145392002935,0,0.0
9405,18,202409,20,85.35,3851.06,0.5216145392002935,0,0.0
9405,18,202410,21,78.93,4913.27,0.5216145392002935,0,0.0
9405,18,202411,22,71.69,3281.65,0.5216145392002935,0,0.0
9405,18,202412,23,74.53,3967.05,0.5216145392002935,0,0.0
9405,18,202501,24,74.47,3640.27,0.5216145392002935,0,0.0
9405,18,202502,25,78.14,3730.34,0.5216145392002935,0,0.0
9405,18,202503,26,70.36,3785.74,0.5216145392002935,0,0.0
9405,18,202504,27,69.49,3207.88,0.5216145392002935,1,0.5216145392002935
9405,18,202505,28,75.41,3541.53,0.5216145392002935,1,0.5216145392002935
9405,18,202506,29,78.12,3666.36,0.5216145392002935,1,0.5216145392002935
9405,18,202507,30,99.84,4642.36,0.5216145392002935,1,0.5216145392002935
9405,18,202508,31,107.2,5232.12,0.5216145392002935,1,0.5216145392002935
9405,18,202509,32,101.53,4984.42,0.5216145392002935,1,0.5216145392002935
9405,18,202510,33,85.04,4131.7,0.5216145392002935,1,0.5216145392002935
9405,18,202511,34,89.89,4522.2,0.5216145392002935,1,0.5216145392002935
9405,18,202512,35,103.76,5416.13,0.5216145392002935,1,0.5216145392002935
9503,19,202301,0,106.06,6996.73,0.8174924032568407,0,0.0
9503,19,202302,1,88.6,5844.64,0.8174924032568407,0,0.0
9503,19,202303,2,58.37,3850.46,0.8174924032568407,0,0.0
9503,19,202304,3,59.67,3936.26,0.8174924032568407,0,0.0
9503,19,202305,4,67.3,4439.72,0.8174924032568407,0,0.0
9503,19,202306,5,86.18,5685.35,0.8174924032568407,0,0.0
9503,19,202307,6,127.33,8013.92,0.8174924032568407,0,0.0
9503,19,202308,7,153.66,9670.84,0.8174924032568407,0,0.0
9503,19,202309,8,160.18,10081.41,0.8174924032568407,0,0.0
9503,19,202310,9,194.82,12261.88,0.8174924032568407,0,0.0
9503,19,202311,10,139.92,8806.08,0.8174924032568407,0,0.0
9503,19,202312,11,73.76,4669.58,0.8174924032568407,0,0.0
9503,19,202401,12,97.98,6203.23,0.8174924032568407,0,0.0
9503,19,202402,13,86.67,5487.3,0.8174924032568407,0,0.0
9503,19,202403,14,68.66,4346.58,0.8174924032568407,0,0.0
9503,19,202404,15,78.09,4943.58,0.8174924032568407,0,0.0
9503,19,202405,16,80.77,5113.78,0.8174924032568407,0,0.0
9503,19,202406,17,96.88,6133.39,0.8174924032568407,0,0.0
9503,19,202407,18,121.93,7986.95,0.8174924032568407,0,0.0
9503,19,202408,19,168.25,11021.24,0.8174924032568407,0,0.0
9503,19,202409,20,246.49,16145.96,0.8174924032568407,0,0.0
9503,19,202410,21,266.25,17440.57,0.8174924032568407,0,0.0
9503,19,202411,22,195.19,12785.81,0.8174924032568407,0,0.0
9503,19,202412,23,120.01,7860.81,0.8174924032568407,0,0.0
9503,19,202501,24,129.28,8468.58,0.8174924032568407,0,0.0
9503,19,202502,25,132.34,8668.82,0.8174924032568407,0,0.0
9503,19,202503,26,111.27,7288.93,0.8174924032568407,0,0.0
9503,19,202504,27,121.04,7928.77,0.8174924032568407,1,0.8174924032568407
9503,19,202505,28,116.79,7650.47,0.8174924032568407,1,0.8174924032568407
9503,19,202506,29,122.78,8042.85,0.8174924032568407,1,0.8174924032568407
9503,19,202507,30,144.75,9481.39,0.8174924032568407,1,0.8174924032568407
9503,19,202508,31,182.16,11987.67,0.8174924032568407,1,0.8174924032568407
9503,19,202509,32,253.11,16656.83,0.8174924032568407,1,0.8174924032568407
9503,19,202510,33,283.86,18680.14,0.8174924032568407,1,0.8174924032568407
9503,19,202511,34,213.43,14045.28,0.8174924032568407,1,0.8174924032568407
9503,19,202512,35,142.09,9350.73,0.8174924032568407,1,0.8174924032568407
