partner_iso,partner_id,period,period_id,cmd_code,product,is_parts,treated,post,ddd_treat,trade_value_m_usd,trade_value_usd,net_mass_kg,log_trade_val,partner_cmd,period_cmd,partner_period
MYS,7,202301,1,851713,phone,0,0,0,0,0.2112,211185.0,235.185,-1.5549497271500305,MYS_phone,202301_phone,MYS_202301
IND,3,202301,1,851713,phone,0,0,0,0,296.0748,296074776.0,329721.676,5.690612125102813,IND_phone,202301_phone,IND_202301
MEX,6,202301,1,851713,phone,0,0,0,0,0.4235,423496.0,471.623,-0.859201764890028,MEX_phone,202301_phone,MEX_202301
KOR,5,202301,1,851713,phone,0,0,0,0,132.42,132419995.0,147468.634,4.8859786894967,KOR_phone,202301_phone,KOR_202301
TWN,10,202301,1,851713,phone,0,0,0,0,0.1053,105344.0,117.316,-2.2509418598422073,TWN_phone,202301_phone,TWN_202301
VNM,11,202301,1,851713,phone,0,1,0,0,865.0274,865027354.0,963331.874,6.762761182730774,VNM_phone,202301_phone,VNM_202301
CHN,1,202301,1,851713,phone,0,0,0,0,5105.9709,5105970889.0,5686230.016,8.538165898607751,CHN_phone,202301_phone,CHN_202301
DEU,2,202301,1,851713,phone,0,0,0,0,0.1654,165380.0,184.174,-1.7993884963925462,DEU_phone,202301_phone,DEU_202301
THA,9,202301,1,851713,phone,0,0,0,0,0.2106,210578.0,234.509,-1.557794679282262,THA_phone,202301_phone,THA_202301
JPN,4,202301,1,851713,phone,0,0,0,0,7.628,7627950.0,8494.815,2.0318256877381726,JPN_phone,202301_phone,JPN_202301
MYS,7,202302,2,851713,phone,0,0,0,0,0.8621,862142.0,960.119,-0.14838400576625776,MYS_phone,202302_phone,MYS_202302
MEX,6,202302,2,851713,phone,0,0,0,0,0.1918,191807.0,213.605,-1.6513021165327992,MEX_phone,202302_phone,MEX_202302
THA,9,202302,2,851713,phone,0,0,0,0,0.637,637040.0,709.435,-0.45098562340997367,THA_phone,202302_phone,THA_202302
VNM,11,202302,2,851713,phone,0,1,0,0,1055.0379,1055037882.0,1174935.816,6.961331969435525,VNM_phone,202302_phone,VNM_202302
DEU,2,202302,2,851713,phone,0,0,0,0,0.3188,318802.0,355.032,-1.1431913320660771,DEU_phone,202302_phone,DEU_202302
KOR,5,202302,2,851713,phone,0,0,0,0,74.5951,74595128.0,83072.361,4.312074821406338,KOR_phone,202302_phone,KOR_202302
TWN,10,202302,2,851713,phone,0,0,0,0,0.065,65003.0,72.39,-2.7333680090865,TWN_phone,202302_phone,TWN_202302
JPN,4,202302,2,851713,phone,0,0,0,0,0.7961,796103.0,886.575,-0.2280304728876045,JPN_phone,202302_phone,JPN_202302
IND,3,202302,2,851713,phone,0,0,0,0,148.1781,148178063.0,165017.5,4.998414928663087,IND_phone,202302_phone,IND_202302
CHN,1,202302,2,851713,phone,0,0,0,0,2540.8568,2540856797.0,2829608.021,7.8402566259666715,CHN_phone,202302_phone,CHN_202302
KOR,5,202303,3,851713,phone,0,0,0,0,75.8271,75827118.0,84444.358,4.328455748542273,KOR_phone,202303_phone,KOR_202303
IND,3,202303,3,851713,phone,0,0,0,0,633.9399,633939865.0,705982.852,6.451954154991219,IND_phone,202303_phone,IND_202303
TWN,10,202303,3,851713,phone,0,0,0,0,0.1013,101256.0,112.763,-2.2896688677274994,TWN_phone,202303_phone,TWN_202303
CHN,1,202303,3,851713,phone,0,0,0,0,2444.6137,2444613720.0,2722427.568,7.801642393516283,CHN_phone,202303_phone,CHN_202303
JPN,4,202303,3,851713,phone,0,0,0,0,6.2031,6203090.0,6908.029,1.825049167092697,JPN_phone,202303_phone,JPN_202303
DEU,2,202303,3,851713,phone,0,0,0,0,0.512,512048.0,570.239,-0.6694306539426292,DEU_phone,202303_phone,DEU_202303
THA,9,202303,3,851713,phone,0,0,0,0,0.1556,155601.0,173.284,-1.8604666672378458,THA_phone,202303_phone,THA_202303
VNM,11,202303,3,851713,phone,0,1,0,0,588.4266,588426554.0,655297.26,6.377452195047406,VNM_phone,202303_phone,VNM_202303
MYS,7,202303,3,851713,phone,0,0,0,0,1.2023,1202287.0,1338.919,0.1842363889987263,MYS_phone,202303_phone,MYS_202303
MEX,6,202303,3,851713,phone,0,0,0,0,0.7512,751171.0,836.537,-0.2860833510880839,MEX_phone,202303_phone,MEX_202303
IND,3,202304,4,851713,phone,0,0,0,0,290.2708,290270802.0,323258.119,5.670814280370411,IND_phone,202304_phone,IND_202304
VNM,11,202304,4,851713,phone,0,1,0,0,941.6308,941630807.0,1048640.792,6.847613265691471,VNM_phone,202304_phone,VNM_202304
MYS,7,202304,4,851713,phone,0,0,0,0,0.955,954965.0,1063.49,-0.046043938501406846,MYS_phone,202304_phone,MYS_202304
CHN,1,202304,4,851713,phone,0,0,0,0,2865.5261,2865526074.0,3191173.77,7.960507242308364,CHN_phone,202304_phone,CHN_202304
KOR,5,202304,4,851713,phone,0,0,0,0,132.6511,132651147.0,147726.054,4.887722373048424,KOR_phone,202304_phone,KOR_202304
THA,9,202304,4,851713,phone,0,0,0,0,0.0393,39343.0,43.814,-3.2365307601069215,THA_phone,202304_phone,THA_202304
JPN,4,202304,4,851713,phone,0,0,0,0,1.019,1019005.0,1134.808,0.018821754240587667,JPN_phone,202304_phone,JPN_202304
TWN,10,202304,4,851713,phone,0,0,0,0,0.0663,66271.0,73.802,-2.7135653817903203,TWN_phone,202304_phone,TWN_202304
MEX,6,202304,4,851713,phone,0,0,0,0,1.4055,1405463.0,1565.184,0.3403931113644495,MEX_phone,202304_phone,MEX_202304
DEU,2,202304,4,851713,phone,0,0,0,0,0.2345,234479.0,261.126,-1.450299691095803,DEU_phone,202304_phone,DEU_202304
THA,9,202305,5,851713,phone,0,0,0,0,0.0761,76100.0,84.748,-2.575707014114497,THA_phone,202305_phone,THA_202305
DEU,2,202305,5,851713,phone,0,0,0,0,0.2877,287670.0,320.362,-1.2458370084246349,DEU_phone,202305_phone,DEU_202305
MYS,7,202305,5,851713,phone,0,0,0,0,0.2257,225669.0,251.315,-1.488548595158647,MYS_phone,202305_phone,MYS_202305
KOR,5,202305,5,851713,phone,0,0,0,0,102.7842,102784223.0,114464.956,4.632631644710493,KOR_phone,202305_phone,KOR_202305
MEX,6,202305,5,851713,phone,0,0,0,0,0.026,25962.0,28.912,-3.649658740960655,MEX_phone,202305_phone,MEX_202305
TWN,10,202305,5,851713,phone,0,0,0,0,0.0892,89185.0,99.32,-2.4168742393961735,TWN_phone,202305_phone,TWN_202305
JPN,4,202305,5,851713,phone,0,0,0,0,8.8713,8871314.0,9879.479,2.1828213470254756,JPN_phone,202305_phone,JPN_202305
CHN,1,202305,5,851713,phone,0,0,0,0,2819.9069,2819906920.0,3140370.307,7.944459149202782,CHN_phone,202305_phone,CHN_202305
VNM,11,202305,5,851713,phone,0,1,0,0,552.972,552972011.0,615813.548,6.315307367329053,VNM_phone,202305_phone,VNM_202305
IND,3,202305,5,851713,phone,0,0,0,0,492.4806,492480563.0,548447.655,6.199455068973359,IND_phone,202305_phone,IND_202305
MEX,6,202306,6,851713,phone,0,0,0,0,0.019,18969.0,21.125,-3.9633162998156966,MEX_phone,202306_phone,MEX_202306
THA,9,202306,6,851713,phone,0,0,0,0,0.1838,183802.0,204.69,-1.6939070690605504,THA_phone,202306_phone,THA_202306
PHL,8,202306,6,851713,phone,0,0,0,0,0.0358,35839.0,39.912,-3.3298073855754824,PHL_phone,202306_phone,PHL_202306
TWN,10,202306,6,851713,phone,0,0,0,0,0.5137,513669.0,572.044,-0.6661158415089148,TWN_phone,202306_phone,TWN_202306
JPN,4,202306,6,851713,phone,0,0,0,0,9.5248,9524782.0,10607.209,2.2538989234169886,JPN_phone,202306_phone,JPN_202306
CHN,1,202306,6,851713,phone,0,0,0,0,2503.6706,2503670552.0,2788195.811,7.825513174045825,CHN_phone,202306_phone,CHN_202306
DEU,2,202306,6,851713,phone,0,0,0,0,0.3619,361864.0,402.987,-1.0163873484124404,DEU_phone,202306_phone,DEU_202306
IND,3,202306,6,851713,phone,0,0,0,0,532.6759,532675942.0,593210.967,6.277913171675585,IND_phone,202306_phone,IND_202306
VNM,11,202306,6,851713,phone,0,1,0,0,519.3719,519371897.0,578395.007,6.252620196879505,VNM_phone,202306_phone,VNM_202306
MYS,7,202306,6,851713,phone,0,0,0,0,0.0022,2234.0,2.488,-6.119297918617867,MYS_phone,202306_phone,MYS_202306
KOR,5,202306,6,851713,phone,0,0,0,0,65.2015,65201487.0,72611.196,4.1774824748029395,KOR_phone,202306_phone,KOR_202306
PHL,8,202307,7,851713,phone,0,0,0,0,0.0528,52762.0,52.309,-2.9412440882699213,PHL_phone,202307_phone,PHL_202307
MYS,7,202307,7,851713,phone,0,0,0,0,0.4842,484226.0,480.064,-0.7252572344781789,MYS_phone,202307_phone,MYS_202307
VNM,11,202307,7,851713,phone,0,1,0,0,885.512,885512048.0,877901.625,6.7861660087967905,VNM_phone,202307_phone,VNM_202307
THA,9,202307,7,851713,phone,0,0,0,0,3.045,3044952.0,3018.783,1.1135009011618604,THA_phone,202307_phone,THA_202307
IND,3,202307,7,851713,phone,0,0,0,0,372.4941,372494098.0,369292.744,5.920221198768003,IND_phone,202307_phone,IND_202307
KOR,5,202307,7,851713,phone,0,0,0,0,96.4273,96427308.0,95598.576,4.568789356545106,KOR_phone,202307_phone,KOR_202307
TWN,10,202307,7,851713,phone,0,0,0,0,0.0932,93182.0,92.381,-2.3730075572905913,TWN_phone,202307_phone,TWN_202307
MEX,6,202307,7,851713,phone,0,0,0,0,0.1537,153741.0,152.42,-1.8727526284375868,MEX_phone,202307_phone,MEX_202307
JPN,4,202307,7,851713,phone,0,0,0,0,2.6019,2601912.0,2579.55,0.9562419473763828,JPN_phone,202307_phone,JPN_202307
DEU,2,202307,7,851713,phone,0,0,0,0,0.1748,174822.0,173.32,-1.744112815760702,DEU_phone,202307_phone,DEU_202307
CHN,1,202307,7,851713,phone,0,0,0,0,2883.0072,2883007240.0,2858229.594,7.966589195033827,CHN_phone,202307_phone,CHN_202307
PHL,8,202308,8,851713,phone,0,0,0,0,0.046,46029.0,45.633,-3.079113882493042,PHL_phone,202308_phone,PHL_202308
MYS,7,202308,8,851713,phone,0,0,0,0,0.8125,812524.0,805.541,-0.2076393647782445,MYS_phone,202308_phone,MYS_202308
VNM,11,202308,8,851713,phone,0,1,0,0,818.0911,818091057.0,811060.075,6.706973699594813,VNM_phone,202308_phone,VNM_202308
IND,3,202308,8,851713,phone,0,0,0,0,226.2604,226260379.0,224315.812,5.421686548374421,IND_phone,202308_phone,IND_202308
KOR,5,202308,8,851713,phone,0,0,0,0,57.5584,57558428.0,57063.749,4.052800084551515,KOR_phone,202308_phone,KOR_202308
TWN,10,202308,8,851713,phone,0,0,0,0,0.0714,71434.0,70.82,-2.639457409636598,TWN_phone,202308_phone,TWN_202308
MEX,6,202308,8,851713,phone,0,0,0,0,0.0827,82716.0,82.005,-2.4925356769524916,MEX_phone,202308_phone,MEX_202308
JPN,4,202308,8,851713,phone,0,0,0,0,3.0569,3056873.0,3030.601,1.1174013305646915,JPN_phone,202308_phone,JPN_202308
DEU,2,202308,8,851713,phone,0,0,0,0,0.135,134951.0,133.791,-2.0024805005437076,DEU_phone,202308_phone,DEU_202308
CHN,1,202308,8,851713,phone,0,0,0,0,2217.561,2217560978.0,2198502.427,7.704163222260852,CHN_phone,202308_phone,CHN_202308
THA,9,202308,8,851713,phone,0,0,0,0,0.004,3953.0,3.919,-5.521460917862246,THA_phone,202308_phone,THA_202308
PHL,8,202309,9,851713,phone,0,0,0,0,0.0809,80931.0,80.235,-2.514541454917691,PHL_phone,202309_phone,PHL_202309
MYS,7,202309,9,851713,phone,0,0,0,0,0.9728,972798.0,964.437,-0.027576767770234493,MYS_phone,202309_phone,MYS_202309
THA,9,202309,9,851713,phone,0,0,0,0,0.622,621975.0,616.63,-0.4748151862429576,THA_phone,202309_phone,THA_202309
VNM,11,202309,9,851713,phone,0,1,0,0,633.6233,633623282.0,628177.686,6.451454613813969,VNM_phone,202309_phone,VNM_202309
IND,3,202309,9,851713,phone,0,0,0,0,613.1221,613122132.0,607852.73,6.4185641004409595,IND_phone,202309_phone,IND_202309
KOR,5,202309,9,851713,phone,0,0,0,0,179.8844,179884438.0,178338.444,5.1923144223549595,KOR_phone,202309_phone,KOR_202309
TWN,10,202309,9,851713,phone,0,0,0,0,0.0854,85384.0,84.65,-2.460409178187613,TWN_phone,202309_phone,TWN_202309
MEX,6,202309,9,851713,phone,0,0,0,0,0.0725,72496.0,71.873,-2.624168717121508,MEX_phone,202309_phone,MEX_202309
JPN,4,202309,9,851713,phone,0,0,0,0,4.5065,4506511.0,4467.78,1.5055207990143273,JPN_phone,202309_phone,JPN_202309
DEU,2,202309,9,851713,phone,0,0,0,0,0.3502,350151.0,347.142,-1.0492508591303855,DEU_phone,202309_phone,DEU_202309
CHN,1,202309,9,851713,phone,0,0,0,0,5927.0805,5927080461.0,5876140.907,8.687287043608883,CHN_phone,202309_phone,CHN_202309
PHL,8,202310,10,851713,phone,0,0,0,0,0.0844,84446.0,83.72,-2.4721878773802257,PHL_phone,202310_phone,PHL_202310
MYS,7,202310,10,851713,phone,0,0,0,0,1.1006,1100554.0,1091.095,0.0958554856435214,MYS_phone,202310_phone,MYS_202310
THA,9,202310,10,851713,phone,0,0,0,0,0.7397,739689.0,733.332,-0.301510580388315,THA_phone,202310_phone,THA_202310
VNM,11,202310,10,851713,phone,0,1,0,0,586.9427,586942673.0,581898.267,6.374927200071961,VNM_phone,202310_phone,VNM_202310
IND,3,202310,10,851713,phone,0,0,0,0,315.5962,315596223.0,312883.871,5.754463548341564,IND_phone,202310_phone,IND_202310
KOR,5,202310,10,851713,phone,0,0,0,0,124.3814,124381393.0,123312.413,4.823352651441308,KOR_phone,202310_phone,KOR_202310
TWN,10,202310,10,851713,phone,0,0,0,0,0.0491,49126.0,48.704,-3.0138962441816624,TWN_phone,202310_phone,TWN_202310
MEX,6,202310,10,851713,phone,0,0,0,0,0.0674,67374.0,66.795,-2.6971102610638757,MEX_phone,202310_phone,MEX_202310
JPN,4,202310,10,851713,phone,0,0,0,0,8.0896,8089644.0,8020.119,2.090579286090292,JPN_phone,202310_phone,JPN_202310
DEU,2,202310,10,851713,phone,0,0,0,0,0.0894,89407.0,88.639,-2.4146345968026686,DEU_phone,202310_phone,DEU_202310
CHN,1,202310,10,851713,phone,0,0,0,0,6459.6928,6459692780.0,6404175.755,8.773337041466345,CHN_phone,202310_phone,CHN_202310
PHL,8,202311,11,851713,phone,0,0,0,0,0.0553,55348.0,54.872,-2.8949823704538478,PHL_phone,202311_phone,PHL_202311
MYS,7,202311,11,851713,phone,0,0,0,0,0.7282,728237.0,721.978,-0.31717954324080405,MYS_phone,202311_phone,MYS_202311
THA,9,202311,11,851713,phone,0,0,0,0,0.1772,177150.0,175.628,-1.7304762408111565,THA_phone,202311_phone,THA_202311
VNM,11,202311,11,851713,phone,0,1,0,0,397.3752,397375152.0,393959.961,5.984880922533765,VNM_phone,202311_phone,VNM_202311
IND,3,202311,11,851713,phone,0,0,0,0,473.687,473686976.0,469615.932,6.160546766023465,IND_phone,202311_phone,IND_202311
KOR,5,202311,11,851713,phone,0,0,0,0,89.2092,89209180.0,88442.483,4.490984173280954,KOR_phone,202311_phone,KOR_202311
TWN,10,202311,11,851713,phone,0,0,0,0,0.0582,58212.0,57.712,-2.843869924244745,TWN_phone,202311_phone,TWN_202311
MEX,6,202311,11,851713,phone,0,0,0,0,0.1913,191282.0,189.638,-1.65391240253593,MEX_phone,202311_phone,MEX_202311
JPN,4,202311,11,851713,phone,0,0,0,0,6.1056,6105593.0,6053.119,1.8092063828317757,JPN_phone,202311_phone,JPN_202311
DEU,2,202311,11,851713,phone,0,0,0,0,0.0858,85765.0,85.028,-2.4557362724882204,DEU_phone,202311_phone,DEU_202311
CHN,1,202311,11,851713,phone,0,0,0,0,5203.7206,5203720592.0,5158997.864,8.557129148721426,CHN_phone,202311_phone,CHN_202311
PHL,8,202312,12,851713,phone,0,0,0,0,0.0672,67201.0,66.724,-2.700082031453033,PHL_phone,202312_phone,PHL_202312
MYS,7,202312,12,851713,phone,0,0,0,0,0.4938,493821.0,490.314,-0.7056247020710579,MYS_phone,202312_phone,MYS_202312
THA,9,202312,12,851713,phone,0,0,0,0,0.0442,44203.0,43.889,-3.1190304898984844,THA_phone,202312_phone,THA_202312
VNM,11,202312,12,851713,phone,0,1,0,0,139.9662,139966176.0,138972.238,4.941400964889306,VNM_phone,202312_phone,VNM_202312
IND,3,202312,12,851713,phone,0,0,0,0,617.6468,617646773.0,613260.696,6.425916773041692,IND_phone,202312_phone,IND_202312
TWN,10,202312,12,851713,phone,0,0,0,0,0.2511,251085.0,249.302,-1.3819040128185978,TWN_phone,202312_phone,TWN_202312
KOR,5,202312,12,851713,phone,0,0,0,0,9.4115,9411467.0,9344.634,2.2419323457820957,KOR_phone,202312_phone,KOR_202312
MEX,6,202312,12,851713,phone,0,0,0,0,0.0474,47415.0,47.078,-3.0491330502811063,MEX_phone,202312_phone,MEX_202312
JPN,4,202312,12,851713,phone,0,0,0,0,6.5284,6528380.0,6482.02,1.8761618902944037,JPN_phone,202312_phone,JPN_202312
DEU,2,202312,12,851713,phone,0,0,0,0,0.048,47957.0,47.616,-3.036554268074246,DEU_phone,202312_phone,DEU_202312
CHN,1,202312,12,851713,phone,0,0,0,0,4231.5499,4231549858.0,4201500.48,8.350323611549197,CHN_phone,202312_phone,CHN_202312
PHL,8,202401,13,851713,phone,0,0,0,0,0.0602,60192.0,59.765,-2.810082926667362,PHL_phone,202401_phone,PHL_202401
MYS,7,202401,13,851713,phone,0,0,0,0,1.0057,1005697.0,998.555,0.005683816468297709,MYS_phone,202401_phone,MYS_202401
THA,9,202401,13,851713,phone,0,0,0,0,0.3283,328253.0,325.922,-1.11382745447459,THA_phone,202401_phone,THA_202401
IND,3,202401,13,851713,phone,0,0,0,0,478.9675,478967474.0,475566.197,6.1716327454221735,IND_phone,202401_phone,IND_202401
VNM,11,202401,13,851713,phone,0,1,0,0,202.9871,202987132.0,201545.666,5.313142430224574,VNM_phone,202401_phone,VNM_202401
TWN,10,202401,13,851713,phone,0,0,0,0,0.0611,61119.0,60.685,-2.7952434128045875,TWN_phone,202401_phone,TWN_202401
KOR,5,202401,13,851713,phone,0,0,0,0,8.3703,8370347.0,8310.907,2.124689726152971,KOR_phone,202401_phone,KOR_202401
MEX,6,202401,13,851713,phone,0,0,0,0,0.0876,87629.0,87.007,-2.4349742810397914,MEX_phone,202401_phone,MEX_202401
JPN,4,202401,13,851713,phone,0,0,0,0,6.5333,6533346.0,6486.951,1.87691217551453,JPN_phone,202401_phone,JPN_202401
DEU,2,202401,13,851713,phone,0,0,0,0,0.1004,100450.0,99.737,-2.298593071724508,DEU_phone,202401_phone,DEU_202401
CHN,1,202401,13,851713,phone,0,0,0,0,3133.4504,3133450431.0,3111198.953,8.049890040594182,CHN_phone,202401_phone,CHN_202401
PHL,8,202402,14,851713,phone,0,0,0,0,0.4246,424626.0,421.611,-0.8566077297129814,PHL_phone,202402_phone,PHL_202402
MYS,7,202402,14,851713,phone,0,0,0,0,3.6241,3624118.0,3598.382,1.287605981619015,MYS_phone,202402_phone,MYS_202402
THA,9,202402,14,851713,phone,0,0,0,0,0.413,412971.0,410.038,-0.8843076860211043,THA_phone,202402_phone,THA_202402
VNM,11,202402,14,851713,phone,0,1,0,0,135.7393,135739294.0,134775.373,4.9107361343446785,VNM_phone,202402_phone,VNM_202402
IND,3,202402,14,851713,phone,0,0,0,0,713.0112,713011208.0,707947.923,6.569497128565817,IND_phone,202402_phone,IND_202402
KOR,5,202402,14,851713,phone,0,0,0,0,8.0755,8075527.0,8018.181,2.088834786696431,KOR_phone,202402_phone,KOR_202402
TWN,10,202402,14,851713,phone,0,0,0,0,0.0146,14568.0,14.465,-4.226733750267846,TWN_phone,202402_phone,TWN_202402
MEX,6,202402,14,851713,phone,0,0,0,0,0.3268,326821.0,324.5,-1.1184069159962893,MEX_phone,202402_phone,MEX_202402
JPN,4,202402,14,851713,phone,0,0,0,0,1.7773,1777328.0,1764.707,0.575095358783809,JPN_phone,202402_phone,JPN_202402
DEU,2,202402,14,851713,phone,0,0,0,0,0.1409,140916.0,139.915,-1.9597048600775024,DEU_phone,202402_phone,DEU_202402
CHN,1,202402,14,851713,phone,0,0,0,0,2537.553,2537553036.0,2519533.187,7.838955509831426,CHN_phone,202402_phone,CHN_202402
PHL,8,202403,15,851713,phone,0,0,0,0,0.6491,649139.0,644.529,-0.43216849094271415,PHL_phone,202403_phone,PHL_202403
MYS,7,202403,15,851713,phone,0,0,0,0,3.853,3853016.0,3825.655,1.3488520656440206,MYS_phone,202403_phone,MYS_202403
THA,9,202403,15,851713,phone,0,0,0,0,0.0454,45398.0,45.076,-3.092243173934835,THA_phone,202403_phone,THA_202403
VNM,11,202403,15,851713,phone,0,1,0,0,192.518,192518013.0,191150.891,5.260189655849886,VNM_phone,202403_phone,VNM_202403
IND,3,202403,15,851713,phone,0,0,0,0,752.5584,752558416.0,747214.295,6.62347860158511,IND_phone,202403_phone,IND_202403
TWN,10,202403,15,851713,phone,0,0,0,0,0.0211,21096.0,20.946,-3.858482238500116,TWN_phone,202403_phone,TWN_202403
KOR,5,202403,15,851713,phone,0,0,0,0,12.3917,12391738.0,12303.741,2.5170268936543163,KOR_phone,202403_phone,KOR_202403
MEX,6,202403,15,851713,phone,0,0,0,0,0.0193,19304.0,19.167,-3.947650183071297,MEX_phone,202403_phone,MEX_202403
JPN,4,202403,15,851713,phone,0,0,0,0,4.9235,4923466.0,4888.503,1.5940196597057197,JPN_phone,202403_phone,JPN_202403
DEU,2,202403,15,851713,phone,0,0,0,0,0.0912,91217.0,90.569,-2.3947003819018513,DEU_phone,202403_phone,DEU_202403
CHN,1,202403,15,851713,phone,0,0,0,0,2195.1092,2195109250.0,2179521.187,7.693987073702334,CHN_phone,202403_phone,CHN_202403
PHL,8,202404,16,851713,phone,0,0,0,0,0.0642,64233.0,63.777,-2.7457520682862215,PHL_phone,202404_phone,PHL_202404
MYS,7,202404,16,851713,phone,0,0,0,0,1.0721,1072060.0,1064.447,0.06961934188005706,MYS_phone,202404_phone,MYS_202404
THA,9,202404,16,851713,phone,0,0,0,0,0.4462,446230.0,443.061,-0.8069879969837049,THA_phone,202404_phone,THA_202404
VNM,11,202404,16,851713,phone,0,1,0,0,217.1693,217169300.0,215627.122,5.380677233686664,VNM_phone,202404_phone,VNM_202404
IND,3,202404,16,851713,phone,0,0,0,0,662.3432,662343206.0,657639.728,6.495783850602142,IND_phone,202404_phone,IND_202404
KOR,5,202404,16,851713,phone,0,0,0,0,12.0918,12091753.0,12005.886,2.4925275369193614,KOR_phone,202404_phone,KOR_202404
TWN,10,202404,16,851713,phone,0,0,0,0,0.0515,51491.0,51.125,-2.966173471312447,TWN_phone,202404_phone,TWN_202404
MEX,6,202404,16,851713,phone,0,0,0,0,0.2648,264842.0,262.961,-1.328780454919284,MEX_phone,202404_phone,MEX_202404
JPN,4,202404,16,851713,phone,0,0,0,0,6.5343,6534350.0,6487.948,1.877065225807155,JPN_phone,202404_phone,JPN_202404
DEU,2,202404,16,851713,phone,0,0,0,0,0.1238,123764.0,122.885,-2.0890879187316416,DEU_phone,202404_phone,DEU_202404
CHN,1,202404,16,851713,phone,0,0,0,0,2557.2901,2557290069.0,2539130.062,7.846703422121397,CHN_phone,202404_phone,CHN_202404
PHL,8,202405,17,851713,phone,0,0,0,0,0.4071,407115.0,404.224,-0.8986964234732039,PHL_phone,202405_phone,PHL_202405
MYS,7,202405,17,851713,phone,0,0,0,0,10.919,10919043.0,10841.504,2.390504391031929,MYS_phone,202405_phone,MYS_202405
THA,9,202405,17,851713,phone,0,0,0,0,0.4824,482385.0,478.959,-0.7289816335691613,THA_phone,202405_phone,THA_202405
VNM,11,202405,17,851713,phone,0,1,0,0,185.3265,185326524.0,184010.47,5.222119134399142,VNM_phone,202405_phone,VNM_202405
IND,3,202405,17,851713,phone,0,0,0,0,712.9795,712979474.0,707916.414,6.569452668247801,IND_phone,202405_phone,IND_202405
KOR,5,202405,17,851713,phone,0,0,0,0,10.5832,10583246.0,10508.092,2.3592678381660335,KOR_phone,202405_phone,KOR_202405
TWN,10,202405,17,851713,phone,0,0,0,0,0.0867,86692.0,86.076,-2.445301395195641,TWN_phone,202405_phone,TWN_202405
MEX,6,202405,17,851713,phone,0,0,0,0,0.0363,36345.0,36.087,-3.315937537711332,MEX_phone,202405_phone,MEX_202405
JPN,4,202405,17,851713,phone,0,0,0,0,5.1231,5123083.0,5086.703,1.633759724579166,JPN_phone,202405_phone,JPN_202405
DEU,2,202405,17,851713,phone,0,0,0,0,0.0544,54445.0,54.058,-2.91139112512024,DEU_phone,202405_phone,DEU_202405
CHN,1,202405,17,851713,phone,0,0,0,0,2978.3964,2978396397.0,2957246.0,7.999140313855118,CHN_phone,202405_phone,CHN_202405
PHL,8,202406,18,851713,phone,0,0,0,0,0.1178,117762.0,116.926,-2.138767007764651,PHL_phone,202406_phone,PHL_202406
MYS,7,202406,18,851713,phone,0,0,0,0,9.4547,9454666.0,9387.526,2.2465119723632516,MYS_phone,202406_phone,MYS_202406
THA,9,202406,18,851713,phone,0,0,0,0,0.4707,470660.0,467.318,-0.7535343305750405,THA_phone,202406_phone,THA_202406
VNM,11,202406,18,851713,phone,0,1,0,0,203.978,203977966.0,202529.463,5.318012144891473,VNM_phone,202406_phone,VNM_202406
IND,3,202406,18,851713,phone,0,0,0,0,627.5924,627592371.0,623135.668,6.441890911161591,IND_phone,202406_phone,IND_202406
KOR,5,202406,18,851713,phone,0,0,0,0,10.1053,10105298.0,10033.538,2.3130600386880285,KOR_phone,202406_phone,KOR_202406
TWN,10,202406,18,851713,phone,0,0,0,0,0.0836,83615.0,83.021,-2.481711758891481,TWN_phone,202406_phone,TWN_202406
MEX,6,202406,18,851713,phone,0,0,0,0,0.0331,33078.0,32.843,-3.40822199659912,MEX_phone,202406_phone,MEX_202406
JPN,4,202406,18,851713,phone,0,0,0,0,3.4321,3432060.0,3407.688,1.2331723187303638,JPN_phone,202406_phone,JPN_202406
DEU,2,202406,18,851713,phone,0,0,0,0,0.1373,137298.0,136.323,-1.9855869662082117,DEU_phone,202406_phone,DEU_202406
CHN,1,202406,18,851713,phone,0,0,0,0,2234.61,2234609967.0,2218741.398,7.711821995177063,CHN_phone,202406_phone,CHN_202406
PHL,8,202407,19,851713,phone,0,0,0,0,0.0609,60880.0,69.629,-2.7985221042662856,PHL_phone,202407_phone,PHL_202407
MYS,7,202407,19,851713,phone,0,0,0,0,7.0299,7029852.0,8040.115,1.9501724809703338,MYS_phone,202407_phone,MYS_202407
THA,9,202407,19,851713,phone,0,0,0,0,0.0385,38497.0,44.029,-3.2570970376883985,THA_phone,202407_phone,THA_202407
VNM,11,202407,19,851713,phone,0,1,0,0,170.2165,170216500.0,194678.374,5.137071156211291,VNM_phone,202407_phone,VNM_202407
IND,3,202407,19,851713,phone,0,0,0,0,503.6904,503690363.0,576075.884,6.221961793606312,IND_phone,202407_phone,IND_202407
KOR,5,202407,19,851713,phone,0,0,0,0,6.9308,6930834.0,7926.867,1.9359752466545546,KOR_phone,202407_phone,KOR_202407
TWN,10,202407,19,851713,phone,0,0,0,0,0.1015,101541.0,116.133,-2.287696480500295,TWN_phone,202407_phone,TWN_202407
MEX,6,202407,19,851713,phone,0,0,0,0,0.0328,32817.0,37.533,-3.417326763592039,MEX_phone,202407_phone,MEX_202407
JPN,4,202407,19,851713,phone,0,0,0,0,6.5535,6553471.0,7495.273,1.8799992580774632,JPN_phone,202407_phone,JPN_202407
DEU,2,202407,19,851713,phone,0,0,0,0,0.1212,121195.0,138.612,-2.110313205346923,DEU_phone,202407_phone,DEU_202407
CHN,1,202407,19,851713,phone,0,0,0,0,3027.2796,3027279650.0,3462331.086,8.015419673437858,CHN_phone,202407_phone,CHN_202407
PHL,8,202408,20,851713,phone,0,0,0,0,0.0704,70404.0,80.522,-2.65356201581814,PHL_phone,202408_phone,PHL_202408
MYS,7,202408,20,851713,phone,0,0,0,0,6.1939,6193915.0,7084.045,1.8235649367645659,MYS_phone,202408_phone,MYS_202408
THA,9,202408,20,851713,phone,0,0,0,0,0.0673,67332.0,77.008,-2.698595042331455,THA_phone,202408_phone,THA_202408
VNM,11,202408,20,851713,phone,0,1,0,0,201.1541,201154113.0,230062.042,5.304071280986977,VNM_phone,202408_phone,VNM_202408
IND,3,202408,20,851713,phone,0,0,0,0,367.4525,367452527.0,420259.26,5.90659405859849,IND_phone,202408_phone,IND_202408
KOR,5,202408,20,851713,phone,0,0,0,0,7.6829,7682863.0,8786.97,2.038997080051736,KOR_phone,202408_phone,KOR_202408
TWN,10,202408,20,851713,phone,0,0,0,0,0.0815,81485.0,93.195,-2.50715225873532,TWN_phone,202408_phone,TWN_202408
MEX,6,202408,20,851713,phone,0,0,0,0,0.0364,36441.0,41.678,-3.313186504339442,MEX_phone,202408_phone,MEX_202408
JPN,4,202408,20,851713,phone,0,0,0,0,7.2223,7222289.0,8260.207,1.9771734617321992,JPN_phone,202408_phone,JPN_202408
DEU,2,202408,20,851713,phone,0,0,0,0,0.2029,202900.0,232.059,-1.595042032150368,DEU_phone,202408_phone,DEU_202408
CHN,1,202408,20,851713,phone,0,0,0,0,2766.8578,2766857787.0,3164483.904,7.9254675870677165,CHN_phone,202408_phone,CHN_202408
PHL,8,202409,21,851713,phone,0,0,0,0,0.0427,42673.0,48.806,-3.1535563587475584,PHL_phone,202409_phone,PHL_202409
MYS,7,202409,21,851713,phone,0,0,0,0,9.9116,9911590.0,11335.988,2.2937057883874505,MYS_phone,202409_phone,MYS_202409
THA,9,202409,21,851713,phone,0,0,0,0,0.084,84041.0,96.119,-2.4769384801388235,THA_phone,202409_phone,THA_202409
VNM,11,202409,21,851713,phone,0,1,0,0,186.9972,186997179.0,213870.61,5.231093643480454,VNM_phone,202409_phone,VNM_202409
IND,3,202409,21,851713,phone,0,0,0,0,294.3378,294337765.0,336637.15,5.684728087358642,IND_phone,202409_phone,IND_202409
KOR,5,202409,21,851713,phone,0,0,0,0,8.2014,8201380.0,9380.003,2.1043048714045254,KOR_phone,202409_phone,KOR_202409
TWN,10,202409,21,851713,phone,0,0,0,0,0.0979,97950.0,112.026,-2.3238087294456724,TWN_phone,202409_phone,TWN_202409
MEX,6,202409,21,851713,phone,0,0,0,0,0.1221,122094.0,139.64,-2.102914897865478,MEX_phone,202409_phone,MEX_202409
JPN,4,202409,21,851713,phone,0,0,0,0,7.4665,7466474.0,8539.484,2.0104263485151863,JPN_phone,202409_phone,JPN_202409
DEU,2,202409,21,851713,phone,0,0,0,0,0.0923,92297.0,105.561,-2.3827111374733305,DEU_phone,202409_phone,DEU_202409
CHN,1,202409,21,851713,phone,0,0,0,0,5454.5142,5454514211.0,6238384.389,8.60419883838945,CHN_phone,202409_phone,CHN_202409
PHL,8,202410,22,851713,phone,0,0,0,0,0.06,60037.0,68.665,-2.8134107167600364,PHL_phone,202410_phone,PHL_202410
MYS,7,202410,22,851713,phone,0,0,0,0,11.8159,11815916.0,13513.985,2.4694460820923863,MYS_phone,202410_phone,MYS_202410
THA,9,202410,22,851713,phone,0,0,0,0,0.1146,114606.0,131.076,-2.166307474701498,THA_phone,202410_phone,THA_202410
VNM,11,202410,22,851713,phone,0,1,0,0,176.4588,176458827.0,201817.788,5.173087421362811,VNM_phone,202410_phone,VNM_202410
IND,3,202410,22,851713,phone,0,0,0,0,435.7966,435796636.0,498425.126,6.077175620736167,IND_phone,202410_phone,IND_202410
KOR,5,202410,22,851713,phone,0,0,0,0,11.4435,11443470.0,13088.015,2.4374218832162566,KOR_phone,202410_phone,KOR_202410
TWN,10,202410,22,851713,phone,0,0,0,0,0.0432,43208.0,49.417,-3.1419147837320724,TWN_phone,202410_phone,TWN_202410
MEX,6,202410,22,851713,phone,0,0,0,0,0.0379,37927.0,43.378,-3.2728041668937564,MEX_phone,202410_phone,MEX_202410
JPN,4,202410,22,851713,phone,0,0,0,0,5.4537,5453739.0,6237.498,1.6962942774099887,JPN_phone,202410_phone,JPN_202410
DEU,2,202410,22,851713,phone,0,0,0,0,0.2171,217081.0,248.278,-1.527397202097891,DEU_phone,202410_phone,DEU_202410
CHN,1,202410,22,851713,phone,0,0,0,0,6338.7752,6338775237.0,7249722.882,8.754440842648556,CHN_phone,202410_phone,CHN_202410
PHL,8,202411,23,851713,phone,0,0,0,0,0.0259,25871.0,29.589,-3.653512310276645,PHL_phone,202411_phone,PHL_202411
MYS,7,202411,23,851713,phone,0,0,0,0,13.7233,13723331.0,15695.516,2.6190951181576323,MYS_phone,202411_phone,MYS_202411
THA,9,202411,23,851713,phone,0,0,0,0,0.4246,424615.0,485.637,-0.8566077297129814,THA_phone,202411_phone,THA_202411
VNM,11,202411,23,851713,phone,0,1,0,0,174.8771,174877054.0,200008.698,5.1640834414910985,VNM_phone,202411_phone,VNM_202411
KOR,5,202411,23,851713,phone,0,0,0,0,7.3185,7318524.0,8370.272,1.9904053889418645,KOR_phone,202411_phone,KOR_202411
IND,3,202411,23,851713,phone,0,0,0,0,525.7426,525742640.0,601297.302,6.2648117393529885,IND_phone,202411_phone,IND_202411
TWN,10,202411,23,851713,phone,0,0,0,0,0.1415,141483.0,161.816,-1.9554555618988447,TWN_phone,202411_phone,TWN_202411
MEX,6,202411,23,851713,phone,0,0,0,0,0.0506,50575.0,57.843,-2.9838037026887174,MEX_phone,202411_phone,MEX_202411
JPN,4,202411,23,851713,phone,0,0,0,0,4.2941,4294077.0,4911.18,1.4572419874946896,JPN_phone,202411_phone,JPN_202411
DEU,2,202411,23,851713,phone,0,0,0,0,0.0661,66133.0,75.637,-2.7165865321244964,DEU_phone,202411_phone,DEU_202411
CHN,1,202411,23,851713,phone,0,0,0,0,4793.1231,4793123093.0,5481944.519,8.47493748211795,CHN_phone,202411_phone,CHN_202411
PHL,8,202412,24,851713,phone,0,0,0,0,0.0117,11737.0,13.424,-4.448166437178426,PHL_phone,202412_phone,PHL_202412
MYS,7,202412,24,851713,phone,0,0,0,0,16.4032,16403177.0,18760.483,2.79747643774756,MYS_phone,202412_phone,MYS_202412
THA,9,202412,24,851713,phone,0,0,0,0,0.3067,306743.0,350.825,-1.1818852078619313,THA_phone,202412_phone,THA_202412
IND,3,202412,24,851713,phone,0,0,0,0,966.8401,966840103.0,1105785.038,6.87403312500683,IND_phone,202412_phone,IND_202412
VNM,11,202412,24,851713,phone,0,1,0,0,131.6749,131674919.0,150597.968,4.88033600592356,VNM_phone,202412_phone,VNM_202412
KOR,5,202412,24,851713,phone,0,0,0,0,5.2476,5247590.0,6001.723,1.6577708292247382,KOR_phone,202412_phone,KOR_202412
TWN,10,202412,24,851713,phone,0,0,0,0,0.544,544029.0,622.212,-0.6088060321261943,TWN_phone,202412_phone,TWN_202412
MEX,6,202412,24,851713,phone,0,0,0,0,0.0111,11090.0,12.684,-4.500810170663849,MEX_phone,202412_phone,MEX_202412
JPN,4,202412,24,851713,phone,0,0,0,0,10.6318,10631842.0,12159.748,2.36384951009782,JPN_phone,202412_phone,JPN_202412
DEU,2,202412,24,851713,phone,0,0,0,0,0.217,216972.0,248.153,-1.5278579254416775,DEU_phone,202412_phone,DEU_202412
CHN,1,202412,24,851713,phone,0,0,0,0,3716.317,3716317039.0,4250390.283,8.220488403076798,CHN_phone,202412_phone,CHN_202412
PHL,8,202501,25,851713,phone,0,0,0,0,0.02,20000.0,22.874,-3.912023005428146,PHL_phone,202501_phone,PHL_202501
MYS,7,202501,25,851713,phone,0,0,0,0,16.692,16691994.0,19090.806,2.814929562729306,MYS_phone,202501_phone,MYS_202501
THA,9,202501,25,851713,phone,0,0,0,0,0.2682,268184.0,306.725,-1.316022308134559,THA_phone,202501_phone,THA_202501
VNM,11,202501,25,851713,phone,0,1,0,0,381.4181,381418138.0,436231.874,5.943896148778616,VNM_phone,202501_phone,VNM_202501
IND,3,202501,25,851713,phone,0,0,0,0,1338.1708,1338170834.0,1530479.841,7.199058885754948,IND_phone,202501_phone,IND_202501
KOR,5,202501,25,851713,phone,0,0,0,0,6.4146,6414586.0,7336.428,1.8585766422653722,KOR_phone,202501_phone,KOR_202501
TWN,10,202501,25,851713,phone,0,0,0,0,0.1321,132117.0,151.104,-2.0241960674538575,TWN_phone,202501_phone,TWN_202501
MEX,6,202501,25,851713,phone,0,0,0,0,0.0473,47299.0,54.096,-3.0512449834842497,MEX_phone,202501_phone,MEX_202501
JPN,4,202501,25,851713,phone,0,0,0,0,1.8674,1867391.0,2135.754,0.6245470890676884,JPN_phone,202501_phone,JPN_202501
DEU,2,202501,25,851713,phone,0,0,0,0,0.0618,61760.0,70.636,-2.783851914518492,DEU_phone,202501_phone,DEU_202501
CHN,1,202501,25,851713,phone,0,0,0,0,3558.1188,3558118784.0,4069457.301,8.17698725721305,CHN_phone,202501_phone,CHN_202501
PHL,8,202502,26,851713,phone,0,0,0,0,0.063,62990.0,72.042,-2.7646205525906042,PHL_phone,202502_phone,PHL_202502
MYS,7,202502,26,851713,phone,0,0,0,0,3.5593,3559321.0,4070.832,1.2695638963163975,MYS_phone,202502_phone,MYS_202502
THA,9,202502,26,851713,phone,0,0,0,0,0.3481,348142.0,398.174,-1.0552654841647438,THA_phone,202502_phone,THA_202502
VNM,11,202502,26,851713,phone,0,1,0,0,704.9822,704982189.0,806295.43,6.5581725542665765,VNM_phone,202502_phone,VNM_202502
IND,3,202502,26,851713,phone,0,0,0,0,1740.3127,1740312669.0,1990413.622,7.4618200887058705,IND_phone,202502_phone,IND_202502
KOR,5,202502,26,851713,phone,0,0,0,0,6.8907,6890742.0,7881.013,1.9301726763816816,KOR_phone,202502_phone,KOR_202502
TWN,10,202502,26,851713,phone,0,0,0,0,0.2014,201440.0,230.389,-1.602462298697675,TWN_phone,202502_phone,TWN_202502
MEX,6,202502,26,851713,phone,0,0,0,0,0.0147,14680.0,16.79,-4.219907785197447,MEX_phone,202502_phone,MEX_202502
JPN,4,202502,26,851713,phone,0,0,0,0,2.4991,2499139.0,2858.291,0.9159306670585988,JPN_phone,202502_phone,JPN_202502
DEU,2,202502,26,851713,phone,0,0,0,0,0.2138,213799.0,244.524,-1.5427142803911922,DEU_phone,202502_phone,DEU_202502
CHN,1,202502,26,851713,phone,0,0,0,0,2595.0053,2595005348.0,2967934.49,7.861343837987113,CHN_phone,202502_phone,CHN_202502
PHL,8,202503,27,851713,phone,0,0,0,0,0.0302,30203.0,34.543,-3.499913354601313,PHL_phone,202503_phone,PHL_202503
MYS,7,202503,27,851713,phone,0,0,0,0,6.8836,6883589.0,7872.832,1.929141770908619,MYS_phone,202503_phone,MYS_202503
THA,9,202503,27,851713,phone,0,0,0,0,0.3153,315280.0,360.589,-1.1542307124311217,THA_phone,202503_phone,THA_202503
VNM,11,202503,27,851713,phone,0,1,0,0,459.4597,459459697.0,525488.814,6.130051233923403,VNM_phone,202503_phone,VNM_202503
KOR,5,202503,27,851713,phone,0,0,0,0,6.553,6552984.0,7494.716,1.8799229600573597,KOR_phone,202503_phone,KOR_202503
IND,3,202503,27,851713,phone,0,0,0,0,2357.5216,2357521603.0,2696321.872,7.765366176713783,IND_phone,202503_phone,IND_202503
TWN,10,202503,27,851713,phone,0,0,0,0,0.0793,79272.0,90.664,-2.5345171503413346,TWN_phone,202503_phone,TWN_202503
MEX,6,202503,27,851713,phone,0,0,0,0,0.0305,30517.0,34.903,-3.4900285953687713,MEX_phone,202503_phone,MEX_202503
JPN,4,202503,27,851713,phone,0,0,0,0,5.3066,5306571.0,6069.18,1.668951328855144,JPN_phone,202503_phone,JPN_202503
DEU,2,202503,27,851713,phone,0,0,0,0,0.1169,116874.0,133.67,-2.1464364105041143,DEU_phone,202503_phone,DEU_202503
CHN,1,202503,27,851713,phone,0,0,0,0,3001.9333,3001933280.0,3433342.18,8.007011793425587,CHN_phone,202503_phone,CHN_202503
PHL,8,202504,28,851713,phone,0,0,1,0,0.0427,42683.0,48.817,-3.1535563587475584,PHL_phone,202504_phone,PHL_202504
MYS,7,202504,28,851713,phone,0,0,1,0,5.3388,5338838.0,6106.084,1.6750009086178594,MYS_phone,202504_phone,MYS_202504
THA,9,202504,28,851713,phone,0,0,1,0,0.2202,220151.0,251.789,-1.5132190546935573,THA_phone,202504_phone,THA_202504
VNM,11,202504,28,851713,phone,0,1,1,0,433.7038,433703783.0,496031.508,6.07236181261986,VNM_phone,202504_phone,VNM_202504
IND,3,202504,28,851713,phone,0,0,1,0,1777.2355,1777235460.0,2032642.6,7.482814346104204,IND_phone,202504_phone,IND_202504
KOR,5,202504,28,851713,phone,0,0,1,0,19.9103,19910322.0,22771.641,2.9912371857677096,KOR_phone,202504_phone,KOR_202504
TWN,10,202504,28,851713,phone,0,0,1,0,0.2015,201459.0,230.411,-1.6019658975953994,TWN_phone,202504_phone,TWN_202504
MEX,6,202504,28,851713,phone,0,0,1,0,0.3838,383790.0,438.945,-0.9576336954085376,MEX_phone,202504_phone,MEX_202504
JPN,4,202504,28,851713,phone,0,0,1,0,1.2569,1256939.0,1437.574,0.22864837194865467,JPN_phone,202504_phone,JPN_202504
DEU,2,202504,28,851713,phone,0,0,1,0,0.2204,220370.0,252.039,-1.5123112017033775,DEU_phone,202504_phone,DEU_202504
CHN,1,202504,28,851713,phone,0,0,1,0,836.5358,836535771.0,956754.624,6.7292693168810915,CHN_phone,202504_phone,CHN_202504
PHL,8,202505,29,851713,phone,0,0,1,0,0.0998,99759.0,114.095,-2.304587095664719,PHL_phone,202505_phone,PHL_202505
MYS,7,202505,29,851713,phone,0,0,1,0,7.8821,7882127.0,9014.87,2.064594365827576,MYS_phone,202505_phone,MYS_202505
THA,9,202505,29,851713,phone,0,0,1,0,0.1513,151347.0,173.097,-1.888490658187827,THA_phone,202505_phone,THA_202505
VNM,11,202505,29,851713,phone,0,1,1,0,553.353,553352980.0,632875.534,6.315996134219546,VNM_phone,202505_phone,VNM_202505
IND,3,202505,29,851713,phone,0,0,1,0,2133.5501,2133550081.0,2440163.322,7.665542584892771,IND_phone,202505_phone,IND_202505
KOR,5,202505,29,851713,phone,0,0,1,0,30.935,30934977.0,35380.654,3.431888228982952,KOR_phone,202505_phone,KOR_202505
TWN,10,202505,29,851713,phone,0,0,1,0,0.254,253968.0,290.466,-1.3704210119636004,TWN_phone,202505_phone,TWN_202505
JPN,4,202505,29,851713,phone,0,0,1,0,1.9119,1911916.0,2186.678,0.648097512006221,JPN_phone,202505_phone,JPN_202505
MEX,6,202505,29,851713,phone,0,0,1,0,0.3422,342211.0,391.39,-1.072359917524044,MEX_phone,202505_phone,MEX_202505
DEU,2,202505,29,851713,phone,0,0,1,0,0.0442,44233.0,50.59,-3.1190304898984844,DEU_phone,202505_phone,DEU_202505
CHN,1,202505,29,851713,phone,0,0,1,0,526.3136,526313556.0,601950.264,6.265897232801089,CHN_phone,202505_phone,CHN_202505
PHL,8,202506,30,851713,phone,0,0,1,0,0.0614,61447.0,70.278,-2.79034544382904,PHL_phone,202506_phone,PHL_202506
MYS,7,202506,30,851713,phone,0,0,1,0,7.607,7606977.0,8700.178,2.029068876015164,MYS_phone,202506_phone,MYS_202506
THA,9,202506,30,851713,phone,0,0,1,0,0.1559,155866.0,178.266,-1.8585405029184061,THA_phone,202506_phone,THA_202506
IND,3,202506,30,851713,phone,0,0,1,0,2283.9137,2283913732.0,2612135.787,7.733645785473604,IND_phone,202506_phone,IND_202506
VNM,11,202506,30,851713,phone,0,1,1,0,416.843,416842981.0,476747.634,6.032709652104374,VNM_phone,202506_phone,VNM_202506
KOR,5,202506,30,851713,phone,0,0,1,0,17.5171,17517056.0,20034.438,2.8631775466932963,KOR_phone,202506_phone,KOR_202506
TWN,10,202506,30,851713,phone,0,0,1,0,1.2306,1230644.0,1407.5,0.2075018553242528,TWN_phone,202506_phone,TWN_202506
MEX,6,202506,30,851713,phone,0,0,1,0,0.332,331976.0,379.684,-1.1026203100656484,MEX_phone,202506_phone,MEX_202506
JPN,4,202506,30,851713,phone,0,0,1,0,0.5573,557307.0,637.398,-0.5846515844066463,JPN_phone,202506_phone,JPN_202506
DEU,2,202506,30,851713,phone,0,0,1,0,0.1097,109728.0,125.497,-2.2100059117009523,DEU_phone,202506_phone,DEU_202506
CHN,1,202506,30,851713,phone,0,0,1,0,729.3657,729365688.0,834183.091,6.592175252316856,CHN_phone,202506_phone,CHN_202506
PHL,8,202507,31,851713,phone,0,0,1,0,0.1682,168168.0,192.335,-1.7826015314432895,PHL_phone,202507_phone,PHL_202507
MYS,7,202507,31,851713,phone,0,0,1,0,7.7302,7730219.0,8841.132,2.0451347354858407,MYS_phone,202507_phone,MYS_202507
THA,9,202507,31,851713,phone,0,0,1,0,0.3073,307281.0,351.44,-1.179930809845698,THA_phone,202507_phone,THA_202507
VNM,11,202507,31,851713,phone,0,1,1,0,600.3693,600369346.0,686648.638,6.397544965873711,VNM_phone,202507_phone,VNM_202507
IND,3,202507,31,851713,phone,0,0,1,0,1615.5555,1615555472.0,1847727.524,7.387434139363395,IND_phone,202507_phone,IND_202507
KOR,5,202507,31,851713,phone,0,0,1,0,4.7039,4703888.0,5379.885,1.5483919518669593,KOR_phone,202507_phone,KOR_202507
TWN,10,202507,31,851713,phone,0,0,1,0,0.957,957018.0,1094.551,-0.04395188752918283,TWN_phone,202507_phone,TWN_202507
MEX,6,202507,31,851713,phone,0,0,1,0,0.2314,231358.0,264.607,-1.463607464222561,MEX_phone,202507_phone,MEX_202507
JPN,4,202507,31,851713,phone,0,0,1,0,8.7427,8742726.0,9999.146,2.1682190664452263,JPN_phone,202507_phone,JPN_202507
DEU,2,202507,31,851713,phone,0,0,1,0,0.122,122046.0,139.585,-2.1037342342488805,DEU_phone,202507_phone,DEU_202507
CHN,1,202507,31,851713,phone,0,0,1,0,749.0236,749023603.0,856666.052,6.6187704916990695,CHN_phone,202507_phone,CHN_202507
PHL,8,202508,32,851713,phone,0,0,1,0,0.0787,78665.0,77.942,-2.5421121235587796,PHL_phone,202508_phone,PHL_202508
MYS,7,202508,32,851713,phone,0,0,1,0,11.1153,11115323.0,11013.099,2.408322537605228,MYS_phone,202508_phone,MYS_202508
KOR,5,202508,32,851713,phone,0,0,1,0,2.9358,2935761.0,2908.762,1.0769799885409959,KOR_phone,202508_phone,KOR_202508
VNM,11,202508,32,851713,phone,0,1,1,0,671.6404,671640433.0,665463.597,6.509723078248235,VNM_phone,202508_phone,VNM_202508
IND,3,202508,32,851713,phone,0,0,1,0,938.3583,938358304.0,929728.559,6.844131859011744,IND_phone,202508_phone,IND_202508
TWN,10,202508,32,851713,phone,0,0,1,0,1.4103,1410329.0,1397.359,0.34380244771605756,TWN_phone,202508_phone,TWN_202508
JPN,4,202508,32,851713,phone,0,0,1,0,2.7807,2780700.0,2755.127,1.0227026945677595,JPN_phone,202508_phone,JPN_202508
MEX,6,202508,32,851713,phone,0,0,1,0,0.3379,337900.0,334.792,-1.0850052852618928,MEX_phone,202508_phone,MEX_202508
DEU,2,202508,32,851713,phone,0,0,1,0,0.0352,35172.0,34.849,-3.3467091963780855,DEU_phone,202508_phone,DEU_202508
CHN,1,202508,32,851713,phone,0,0,1,0,847.2649,847264945.0,839472.953,6.742013396641169,CHN_phone,202508_phone,CHN_202508
PHL,8,202509,33,851713,phone,0,0,1,0,0.1904,190380.0,188.629,-1.658628156624872,PHL_phone,202509_phone,PHL_202509
MYS,7,202509,33,851713,phone,0,0,1,0,7.1264,7126446.0,7060.907,1.9638061980809114,MYS_phone,202509_phone,MYS_202509
IND,3,202509,33,851713,phone,0,0,1,0,771.461,771461018.0,764366.168,6.648286119650558,IND_phone,202509_phone,IND_202509
VNM,11,202509,33,851713,phone,0,1,1,0,534.8136,534813625.0,529895.136,6.281918274971765,VNM_phone,202509_phone,VNM_202509
KOR,5,202509,33,851713,phone,0,0,1,0,3.4446,3444556.0,3412.878,1.2368077874195091,KOR_phone,202509_phone,KOR_202509
TWN,10,202509,33,851713,phone,0,0,1,0,1.2919,1291879.0,1279.998,0.25611400298411857,TWN_phone,202509_phone,TWN_202509
MEX,6,202509,33,851713,phone,0,0,1,0,0.1731,173087.0,171.495,-1.7538858167999734,MEX_phone,202509_phone,MEX_202509
JPN,4,202509,33,851713,phone,0,0,1,0,4.0857,4085740.0,4048.165,1.4074930722608843,JPN_phone,202509_phone,JPN_202509
DEU,2,202509,33,851713,phone,0,0,1,0,0.1984,198417.0,196.592,-1.6174700841313647,DEU_phone,202509_phone,DEU_202509
CHN,1,202509,33,851713,phone,0,0,1,0,3469.3342,3469334231.0,3437428.008,8.151717981332041,CHN_phone,202509_phone,CHN_202509
PHL,8,202510,34,851713,phone,0,0,1,0,0.2584,258424.0,256.047,-1.35324650707369,PHL_phone,202510_phone,PHL_202510
MYS,7,202510,34,851713,phone,0,0,1,0,9.3169,9316896.0,9231.212,2.231829955342104,MYS_phone,202510_phone,MYS_202510
IND,3,202510,34,851713,phone,0,0,1,0,1772.8755,1772875518.0,1756571.018,7.480358083642511,IND_phone,202510_phone,IND_202510
THA,9,202510,34,851713,phone,0,0,1,0,0.1976,197638.0,195.82,-1.6215104936683695,THA_phone,202510_phone,THA_202510
VNM,11,202510,34,851713,phone,0,1,1,0,489.6266,489626589.0,485123.669,6.193643059787651,VNM_phone,202510_phone,VNM_202510
KOR,5,202510,34,851713,phone,0,0,1,0,2.2532,2253201.0,2232.479,0.8123514280384219,KOR_phone,202510_phone,KOR_202510
TWN,10,202510,34,851713,phone,0,0,1,0,1.3291,1329143.0,1316.919,0.28450202144514997,TWN_phone,202510_phone,TWN_202510
MEX,6,202510,34,851713,phone,0,0,1,0,0.0262,26179.0,25.938,-3.6419958682150857,MEX_phone,202510_phone,MEX_202510
JPN,4,202510,34,851713,phone,0,0,1,0,2.9636,2963625.0,2936.37,1.0864047455603647,JPN_phone,202510_phone,JPN_202510
DEU,2,202510,34,851713,phone,0,0,1,0,0.0455,45542.0,45.123,-3.0900429530252325,DEU_phone,202510_phone,DEU_202510
CHN,1,202510,34,851713,phone,0,0,1,0,3357.1481,3357148098.0,3326273.611,8.118847112777845,CHN_phone,202510_phone,CHN_202510
PHL,8,202511,35,851713,phone,0,0,1,0,0.0652,65200.0,64.6,-2.73029581004953,PHL_phone,202511_phone,PHL_202511
MYS,7,202511,35,851713,phone,0,0,1,0,5.2772,5277172.0,5228.64,1.6633956540274843,MYS_phone,202511_phone,MYS_202511
IND,3,202511,35,851713,phone,0,0,1,0,2479.427,2479426980.0,2456624.579,7.815782764076141,IND_phone,202511_phone,IND_202511
THA,9,202511,35,851713,phone,0,0,1,0,0.0711,71062.0,70.408,-2.643667942172942,THA_phone,202511_phone,THA_202511
KOR,5,202511,35,851713,phone,0,0,1,0,6.7892,6789211.0,6726.773,1.9153331143052392,KOR_phone,202511_phone,KOR_202511
VNM,11,202511,35,851713,phone,0,1,1,0,319.0724,319072377.0,316137.983,5.765418036281139,VNM_phone,202511_phone,VNM_202511
TWN,10,202511,35,851713,phone,0,0,1,0,2.993,2993008.0,2965.482,1.0962762288705619,TWN_phone,202511_phone,TWN_202511
MEX,6,202511,35,851713,phone,0,0,1,0,0.9547,954700.0,945.92,-0.04635812397814956,MEX_phone,202511_phone,MEX_202511
JPN,4,202511,35,851713,phone,0,0,1,0,4.5797,4579654.0,4537.537,1.5216334937973257,JPN_phone,202511_phone,JPN_202511
DEU,2,202511,35,851713,phone,0,0,1,0,0.1474,147362.0,146.007,-1.9146052992269007,DEU_phone,202511_phone,DEU_202511
CHN,1,202511,35,851713,phone,0,0,1,0,2503.8448,2503844777.0,2480817.814,7.825582749468427,CHN_phone,202511_phone,CHN_202511
PHL,8,202512,36,851713,phone,0,0,1,0,0.5049,504925.0,500.281,-0.683394889117267,PHL_phone,202512_phone,PHL_202512
MYS,7,202512,36,851713,phone,0,0,1,0,7.061,7060971.0,6996.034,1.9545866845342097,MYS_phone,202512_phone,MYS_202512
THA,9,202512,36,851713,phone,0,0,1,0,0.1187,118701.0,117.609,-2.1311559773665145,THA_phone,202512_phone,THA_202512
IND,3,202512,36,851713,phone,0,0,1,0,2938.5319,2938531922.0,2911507.298,7.98566538187263,IND_phone,202512_phone,IND_202512
VNM,11,202512,36,851713,phone,0,1,1,0,325.4396,325439580.0,322446.629,5.785176883754228,VNM_phone,202512_phone,VNM_202512
KOR,5,202512,36,851713,phone,0,0,1,0,13.8066,13806628.0,13679.653,2.6251467387024463,KOR_phone,202512_phone,KOR_202512
TWN,10,202512,36,851713,phone,0,0,1,0,1.9561,1956051.0,1938.062,0.6709526950501766,TWN_phone,202512_phone,TWN_202512
MEX,6,202512,36,851713,phone,0,0,1,0,0.0094,9443.0,9.356,-4.667045589706179,MEX_phone,202512_phone,MEX_202512
JPN,4,202512,36,851713,phone,0,0,1,0,8.1644,8164445.0,8089.36,2.0997832393377505,JPN_phone,202512_phone,JPN_202512
DEU,2,202512,36,851713,phone,0,0,1,0,0.1313,131332.0,130.124,-2.0302704976733867,DEU_phone,202512_phone,DEU_202512
CHN,1,202512,36,851713,phone,0,0,1,0,1508.7012,1508701243.0,1494826.259,7.3190044272324695,CHN_phone,202512_phone,CHN_202512
VNM,11,202301,1,851770,parts,1,1,0,0,20.9129,20912876.0,0.0,3.040366193446216,VNM_parts,202301_parts,VNM_202301
VNM,11,202302,2,851770,parts,1,1,0,0,28.0923,28092291.0,0.0,3.335495517436676,VNM_parts,202302_parts,VNM_202302
VNM,11,202303,3,851770,parts,1,1,0,0,53.8051,53805115.0,0.0,3.985368258213959,VNM_parts,202303_parts,VNM_202303
VNM,11,202304,4,851770,parts,1,1,0,0,24.992,24992004.0,0.0,3.2185557736572754,VNM_parts,202304_parts,VNM_202304
VNM,11,202305,5,851770,parts,1,1,0,0,20.1246,20124587.0,0.0,3.0019429473307038,VNM_parts,202305_parts,VNM_202305
VNM,11,202306,6,851770,parts,1,1,0,0,25.4342,25434189.0,0.0,3.236094725057455,VNM_parts,202306_parts,VNM_202306
VNM,11,202307,7,851770,parts,1,1,0,0,18.8504,18850397.0,0.0,2.9365341338280264,VNM_parts,202307_parts,VNM_202307
VNM,11,202308,8,851770,parts,1,1,0,0,20.2859,20285946.0,0.0,3.009926063433619,VNM_parts,202308_parts,VNM_202308
VNM,11,202309,9,851770,parts,1,1,0,0,22.8125,22812517.0,0.0,3.1273086313427103,VNM_parts,202309_parts,VNM_202309
VNM,11,202310,10,851770,parts,1,1,0,0,16.2127,16212654.0,0.0,2.7857948857268426,VNM_parts,202310_parts,VNM_202310
VNM,11,202311,11,851770,parts,1,1,0,0,22.2902,22290246.0,0.0,3.1041471199909916,VNM_parts,202311_parts,VNM_202311
VNM,11,202312,12,851770,parts,1,1,0,0,23.9666,23966605.0,0.0,3.176661194413854,VNM_parts,202312_parts,VNM_202312
VNM,11,202401,13,851770,parts,1,1,0,0,20.733,20732965.0,0.0,3.031726633777367,VNM_parts,202401_parts,VNM_202401
VNM,11,202402,14,851770,parts,1,1,0,0,23.5664,23566368.0,0.0,3.1598219687531417,VNM_parts,202402_parts,VNM_202402
VNM,11,202403,15,851770,parts,1,1,0,0,56.0408,56040768.0,0.0,4.026079996884399,VNM_parts,202403_parts,VNM_202403
VNM,11,202404,16,851770,parts,1,1,0,0,55.2558,55255825.0,0.0,4.011973312263689,VNM_parts,202404_parts,VNM_202404
VNM,11,202405,17,851770,parts,1,1,0,0,62.8255,62825512.0,0.0,4.140361042013187,VNM_parts,202405_parts,VNM_202405
VNM,11,202406,18,851770,parts,1,1,0,0,84.1479,84147931.0,0.0,4.432575964888703,VNM_parts,202406_parts,VNM_202406
VNM,11,202407,19,851770,parts,1,1,0,0,46.7573,46757322.0,0.0,3.8449703932772157,VNM_parts,202407_parts,VNM_202407
VNM,11,202408,20,851770,parts,1,1,0,0,54.118,54117998.0,0.0,3.9911668477047337,VNM_parts,202408_parts,VNM_202408
VNM,11,202409,21,851770,parts,1,1,0,0,75.74,75739991.0,0.0,4.327306422473649,VNM_parts,202409_parts,VNM_202409
VNM,11,202410,22,851770,parts,1,1,0,0,55.8058,55805751.0,0.0,4.0218778066379315,VNM_parts,202410_parts,VNM_202410
VNM,11,202411,23,851770,parts,1,1,0,0,53.3501,53350109.0,0.0,3.976875852160251,VNM_parts,202411_parts,VNM_202411
VNM,11,202412,24,851770,parts,1,1,0,0,42.9686,42968648.0,0.0,3.760469616385761,VNM_parts,202412_parts,VNM_202412
VNM,11,202501,25,851770,parts,1,1,0,0,73.3795,73379469.0,0.0,4.295644605058187,VNM_parts,202501_parts,VNM_202501
VNM,11,202502,26,851770,parts,1,1,0,0,63.639,63638964.0,0.0,4.153226489958323,VNM_parts,202502_parts,VNM_202502
VNM,11,202503,27,851770,parts,1,1,0,0,94.8135,94813470.0,0.0,4.551911804185629,VNM_parts,202503_parts,VNM_202503
VNM,11,202504,28,851770,parts,1,1,1,1,230.0349,230034902.0,0.0,5.438231036542413,VNM_parts,202504_parts,VNM_202504
VNM,11,202505,29,851770,parts,1,1,1,1,186.0455,186045534.0,0.0,5.225991267453628,VNM_parts,202505_parts,VNM_202505
VNM,11,202506,30,851770,parts,1,1,1,1,45.9117,45911692.0,0.0,3.8267199865452985,VNM_parts,202506_parts,VNM_202506
VNM,11,202507,31,851770,parts,1,1,1,1,61.1386,61138642.0,0.0,4.1131434179342445,VNM_parts,202507_parts,VNM_202507
VNM,11,202508,32,851770,parts,1,1,1,1,57.3854,57385384.0,0.0,4.049789915571003,VNM_parts,202508_parts,VNM_202508
VNM,11,202509,33,851770,parts,1,1,1,1,59.0261,59026059.0,0.0,4.077979718969039,VNM_parts,202509_parts,VNM_202509
VNM,11,202510,34,851770,parts,1,1,1,1,71.6921,71692129.0,0.0,4.27238056022415,VNM_parts,202510_parts,VNM_202510
VNM,11,202511,35,851770,parts,1,1,1,1,50.5207,50520693.0,0.0,3.9223831532849522,VNM_parts,202511_parts,VNM_202511
VNM,11,202512,36,851770,parts,1,1,1,1,57.8048,57804830.0,0.0,4.057071817212987,VNM_parts,202512_parts,VNM_202512
MEX,6,202301,1,851770,parts,1,0,0,0,68.7747,68774677.0,0.0,4.230835944750961,MEX_parts,202301_parts,MEX_202301
MEX,6,202302,2,851770,parts,1,0,0,0,76.1325,76132454.0,0.0,4.332475243344558,MEX_parts,202302_parts,MEX_202302
MEX,6,202303,3,851770,parts,1,0,0,0,94.0959,94095912.0,0.0,4.544314474972604,MEX_parts,202303_parts,MEX_202303
MEX,6,202304,4,851770,parts,1,0,0,0,75.1985,75198541.0,0.0,4.320131283948343,MEX_parts,202304_parts,MEX_202304
MEX,6,202305,5,851770,parts,1,0,0,0,86.201,86201041.0,0.0,4.456681778530431,MEX_parts,202305_parts,MEX_202305
MEX,6,202306,6,851770,parts,1,0,0,0,90.5185,90518529.0,0.0,4.505554249704485,MEX_parts,202306_parts,MEX_202306
MEX,6,202307,7,851770,parts,1,0,0,0,66.8424,66842419.0,0.0,4.202337609725293,MEX_parts,202307_parts,MEX_202307
MEX,6,202308,8,851770,parts,1,0,0,0,72.8948,72894800.0,0.0,4.289017305880616,MEX_parts,202308_parts,MEX_202308
MEX,6,202309,9,851770,parts,1,0,0,0,60.8656,60865551.0,0.0,4.108668154695169,MEX_parts,202309_parts,MEX_202309
MEX,6,202310,10,851770,parts,1,0,0,0,77.4516,77451577.0,0.0,4.349653225138842,MEX_parts,202310_parts,MEX_202310
MEX,6,202311,11,851770,parts,1,0,0,0,71.6835,71683466.0,0.0,4.2722605955996205,MEX_parts,202311_parts,MEX_202311
MEX,6,202312,12,851770,parts,1,0,0,0,67.6242,67624231.0,0.0,4.213965907152124,MEX_parts,202312_parts,MEX_202312
MEX,6,202401,13,851770,parts,1,0,0,0,55.635,55634982.0,0.0,4.0188124996096635,MEX_parts,202401_parts,MEX_202401
MEX,6,202402,14,851770,parts,1,0,0,0,62.7054,62705437.0,0.0,4.138447568332295,MEX_parts,202402_parts,MEX_202402
MEX,6,202403,15,851770,parts,1,0,0,0,69.4013,69401271.0,0.0,4.23990559932579,MEX_parts,202403_parts,MEX_202403
MEX,6,202404,16,851770,parts,1,0,0,0,76.4009,76400851.0,0.0,4.3359944762078015,MEX_parts,202404_parts,MEX_202404
MEX,6,202405,17,851770,parts,1,0,0,0,68.9669,68966910.0,0.0,4.23362667935461,MEX_parts,202405_parts,MEX_202405
MEX,6,202406,18,851770,parts,1,0,0,0,68.178,68178047.0,0.0,4.222121932163927,MEX_parts,202406_parts,MEX_202406
MEX,6,202407,19,851770,parts,1,0,0,0,73.2014,73201440.0,0.0,4.293214546467433,MEX_parts,202407_parts,MEX_202407
MEX,6,202408,20,851770,parts,1,0,0,0,67.6414,67641366.0,0.0,4.214220221628128,MEX_parts,202408_parts,MEX_202408
MEX,6,202409,21,851770,parts,1,0,0,0,83.2564,83256358.0,0.0,4.4219250027825545,MEX_parts,202409_parts,MEX_202409
MEX,6,202410,22,851770,parts,1,0,0,0,80.2066,80206636.0,0.0,4.38460580575082,MEX_parts,202410_parts,MEX_202410
MEX,6,202411,23,851770,parts,1,0,0,0,73.6447,73644702.0,0.0,4.299252178336903,MEX_parts,202411_parts,MEX_202411
MEX,6,202412,24,851770,parts,1,0,0,0,106.8721,106872140.0,0.0,4.671632792385853,MEX_parts,202412_parts,MEX_202412
MEX,6,202501,25,851770,parts,1,0,0,0,85.9475,85947461.0,0.0,4.453736644727531,MEX_parts,202501_parts,MEX_202501
MEX,6,202502,26,851770,parts,1,0,0,0,86.9661,86966053.0,0.0,4.465518387546867,MEX_parts,202502_parts,MEX_202502
MEX,6,202503,27,851770,parts,1,0,0,0,52.2162,52216212.0,0.0,3.955392791569184,MEX_parts,202503_parts,MEX_202503
MEX,6,202504,28,851770,parts,1,0,1,0,49.3858,49385752.0,0.0,3.899662933479669,MEX_parts,202504_parts,MEX_202504
MEX,6,202505,29,851770,parts,1,0,1,0,47.0427,47042667.0,0.0,3.8510556999023553,MEX_parts,202505_parts,MEX_202505
MEX,6,202506,30,851770,parts,1,0,1,0,44.3709,44370947.0,0.0,3.7925838491607604,MEX_parts,202506_parts,MEX_202506
MEX,6,202507,31,851770,parts,1,0,1,0,52.6248,52624773.0,0.0,3.9631874915202645,MEX_parts,202507_parts,MEX_202507
MEX,6,202508,32,851770,parts,1,0,1,0,54.9044,54904406.0,0.0,4.005593491023478,MEX_parts,202508_parts,MEX_202508
MEX,6,202509,33,851770,parts,1,0,1,0,54.2648,54264812.0,0.0,3.9938757662743063,MEX_parts,202509_parts,MEX_202509
MEX,6,202510,34,851770,parts,1,0,1,0,54.6448,54644756.0,0.0,4.000854059134749,MEX_parts,202510_parts,MEX_202510
MEX,6,202511,35,851770,parts,1,0,1,0,48.6945,48694469.0,0.0,3.8855660873657856,MEX_parts,202511_parts,MEX_202511
MEX,6,202512,36,851770,parts,1,0,1,0,46.5501,46550148.0,0.0,3.840529151948481,MEX_parts,202512_parts,MEX_202512
CHN,1,202301,1,851770,parts,1,0,0,0,118.92,118920014.0,0.0,4.778450998129897,CHN_parts,202301_parts,CHN_202301
CHN,1,202302,2,851770,parts,1,0,0,0,93.0329,93032937.0,0.0,4.532953194034584,CHN_parts,202302_parts,CHN_202302
CHN,1,202303,3,851770,parts,1,0,0,0,96.035,96034990.0,0.0,4.564712708356815,CHN_parts,202303_parts,CHN_202303
CHN,1,202304,4,851770,parts,1,0,0,0,88.3299,88329900.0,0.0,4.481078668638207,CHN_parts,202304_parts,CHN_202304
CHN,1,202305,5,851770,parts,1,0,0,0,102.0838,102083809.0,0.0,4.625794044608949,CHN_parts,202305_parts,CHN_202305
CHN,1,202306,6,851770,parts,1,0,0,0,76.1763,76176304.0,0.0,4.333050390692676,CHN_parts,202306_parts,CHN_202306
CHN,1,202307,7,851770,parts,1,0,0,0,75.5659,75565906.0,0.0,4.325005123227078,CHN_parts,202307_parts,CHN_202307
CHN,1,202308,8,851770,parts,1,0,0,0,104.1578,104157830.0,0.0,4.6459070568854335,CHN_parts,202308_parts,CHN_202308
CHN,1,202309,9,851770,parts,1,0,0,0,70.993,70992987.0,0.0,4.2625812806315535,CHN_parts,202309_parts,CHN_202309
CHN,1,202310,10,851770,parts,1,0,0,0,73.2109,73210883.0,0.0,4.293344316985529,CHN_parts,202310_parts,CHN_202310
CHN,1,202311,11,851770,parts,1,0,0,0,64.111,64110989.0,0.0,4.160615956068125,CHN_parts,202311_parts,CHN_202311
CHN,1,202312,12,851770,parts,1,0,0,0,67.7668,67766829.0,0.0,4.216072399499917,CHN_parts,202312_parts,CHN_202312
CHN,1,202401,13,851770,parts,1,0,0,0,81.9196,81919600.0,0.0,4.405738278466777,CHN_parts,202401_parts,CHN_202401
CHN,1,202402,14,851770,parts,1,0,0,0,79.1424,79142424.0,0.0,4.371248761502003,CHN_parts,202402_parts,CHN_202402
CHN,1,202403,15,851770,parts,1,0,0,0,69.7091,69709115.0,0.0,4.244330868785212,CHN_parts,202403_parts,CHN_202403
CHN,1,202404,16,851770,parts,1,0,0,0,78.7348,78734835.0,0.0,4.3660852432027655,CHN_parts,202404_parts,CHN_202404
CHN,1,202405,17,851770,parts,1,0,0,0,72.4238,72423795.0,0.0,4.282534974653807,CHN_parts,202405_parts,CHN_202405
CHN,1,202406,18,851770,parts,1,0,0,0,93.8863,93886275.0,0.0,4.542084475676289,CHN_parts,202406_parts,CHN_202406
CHN,1,202407,19,851770,parts,1,0,0,0,94.815,94814959.0,0.0,4.551927624592372,CHN_parts,202407_parts,CHN_202407
CHN,1,202408,20,851770,parts,1,0,0,0,89.5059,89505943.0,0.0,4.4943045448957735,CHN_parts,202408_parts,CHN_202408
CHN,1,202409,21,851770,parts,1,0,0,0,80.4084,80408403.0,0.0,4.387118648339455,CHN_parts,202409_parts,CHN_202409
CHN,1,202410,22,851770,parts,1,0,0,0,78.6752,78675156.0,0.0,4.36532798505083,CHN_parts,202410_parts,CHN_202410
CHN,1,202411,23,851770,parts,1,0,0,0,84.2988,84298782.0,0.0,4.434367630031048,CHN_parts,202411_parts,CHN_202411
CHN,1,202412,24,851770,parts,1,0,0,0,95.1561,95156118.0,0.0,4.555518700988348,CHN_parts,202412_parts,CHN_202412
CHN,1,202501,25,851770,parts,1,0,0,0,101.1791,101179070.0,0.0,4.616892213785684,CHN_parts,202501_parts,CHN_202501
CHN,1,202502,26,851770,parts,1,0,0,0,66.4346,66434648.0,0.0,4.196218005102439,CHN_parts,202502_parts,CHN_202502
CHN,1,202503,27,851770,parts,1,0,0,0,80.7985,80798456.0,0.0,4.391958400998294,CHN_parts,202503_parts,CHN_202503
CHN,1,202504,28,851770,parts,1,0,1,0,85.599,85598980.0,0.0,4.4496736008364675,CHN_parts,202504_parts,CHN_202504
CHN,1,202505,29,851770,parts,1,0,1,0,79.9274,79927423.0,0.0,4.381118722646462,CHN_parts,202505_parts,CHN_202505
CHN,1,202506,30,851770,parts,1,0,1,0,59.1064,59106434.0,0.0,4.079339209581151,CHN_parts,202506_parts,CHN_202506
CHN,1,202507,31,851770,parts,1,0,1,0,69.4021,69402068.0,0.0,4.239917126420948,CHN_parts,202507_parts,CHN_202507
CHN,1,202508,32,851770,parts,1,0,1,0,71.1736,71173613.0,0.0,4.265121963142758,CHN_parts,202508_parts,CHN_202508
CHN,1,202509,33,851770,parts,1,0,1,0,61.9476,61947612.0,0.0,4.126288866404606,CHN_parts,202509_parts,CHN_202509
CHN,1,202510,34,851770,parts,1,0,1,0,54.046,54045987.0,0.0,3.989835535796255,CHN_parts,202510_parts,CHN_202510
CHN,1,202511,35,851770,parts,1,0,1,0,43.7286,43728557.0,0.0,3.778002350277088,CHN_parts,202511_parts,CHN_202511
CHN,1,202512,36,851770,parts,1,0,1,0,52.5416,52541556.0,0.0,3.9616052367819106,CHN_parts,202512_parts,CHN_202512
KOR,5,202301,1,851770,parts,1,0,0,0,5.7439,5743883.0,0.0,1.7481384221236245,KOR_parts,202301_parts,KOR_202301
KOR,5,202302,2,851770,parts,1,0,0,0,5.564,5563975.0,0.0,1.7163172740611965,KOR_parts,202302_parts,KOR_202302
KOR,5,202303,3,851770,parts,1,0,0,0,9.1088,9108775.0,0.0,2.2092409792146803,KOR_parts,202303_parts,KOR_202303
KOR,5,202304,4,851770,parts,1,0,0,0,7.3727,7372730.0,0.0,1.9977839891792868,KOR_parts,202304_parts,KOR_202304
KOR,5,202305,5,851770,parts,1,0,0,0,6.4414,6441423.0,0.0,1.8627459077945445,KOR_parts,202305_parts,KOR_202305
KOR,5,202306,6,851770,parts,1,0,0,0,11.6771,11677139.0,0.0,2.4576296589003612,KOR_parts,202306_parts,KOR_202306
KOR,5,202307,7,851770,parts,1,0,0,0,6.9224,6922372.0,0.0,1.934762530310392,KOR_parts,202307_parts,KOR_202307
KOR,5,202308,8,851770,parts,1,0,0,0,7.924,7923977.0,0.0,2.0698961288363047,KOR_parts,202308_parts,KOR_202308
KOR,5,202309,9,851770,parts,1,0,0,0,6.8993,6899328.0,0.0,1.9314199571815256,KOR_parts,202309_parts,KOR_202309
KOR,5,202310,10,851770,parts,1,0,0,0,7.9029,7902894.0,0.0,2.0672297807200324,KOR_parts,202310_parts,KOR_202310
KOR,5,202311,11,851770,parts,1,0,0,0,5.9081,5908080.0,0.0,1.776324290727647,KOR_parts,202311_parts,KOR_202311
KOR,5,202312,12,851770,parts,1,0,0,0,6.8715,6871464.0,0.0,1.9273824230127694,KOR_parts,202312_parts,KOR_202312
KOR,5,202401,13,851770,parts,1,0,0,0,9.1283,9128307.0,0.0,2.2113794779268012,KOR_parts,202401_parts,KOR_202401
KOR,5,202402,14,851770,parts,1,0,0,0,5.0894,5089405.0,0.0,1.627159945421717,KOR_parts,202402_parts,KOR_202402
KOR,5,202403,15,851770,parts,1,0,0,0,8.7595,8759497.0,0.0,2.1701388256937397,KOR_parts,202403_parts,KOR_202403
KOR,5,202404,16,851770,parts,1,0,0,0,4.3873,4387290.0,0.0,1.478714003707416,KOR_parts,202404_parts,KOR_202404
KOR,5,202405,17,851770,parts,1,0,0,0,4.2166,4216603.0,0.0,1.4390291161037558,KOR_parts,202405_parts,KOR_202405
KOR,5,202406,18,851770,parts,1,0,0,0,6.6706,6670568.0,0.0,1.8977098109043107,KOR_parts,202406_parts,KOR_202406
KOR,5,202407,19,851770,parts,1,0,0,0,7.2206,7220604.0,0.0,1.9769380519449888,KOR_parts,202407_parts,KOR_202407
KOR,5,202408,20,851770,parts,1,0,0,0,4.381,4380960.0,0.0,1.4772770088317615,KOR_parts,202408_parts,KOR_202408
KOR,5,202409,21,851770,parts,1,0,0,0,4.2508,4250821.0,0.0,1.447107200516403,KOR_parts,202409_parts,KOR_202409
KOR,5,202410,22,851770,parts,1,0,0,0,4.0978,4097772.0,0.0,1.4104502443309619,KOR_parts,202410_parts,KOR_202410
KOR,5,202411,23,851770,parts,1,0,0,0,5.8009,5800872.0,0.0,1.758013077928173,KOR_parts,202411_parts,KOR_202411
KOR,5,202412,24,851770,parts,1,0,0,0,4.2402,4240215.0,0.0,1.4446104379427265,KOR_parts,202412_parts,KOR_202412
KOR,5,202501,25,851770,parts,1,0,0,0,8.1382,8138164.0,0.0,2.0965690253404263,KOR_parts,202501_parts,KOR_202501
KOR,5,202502,26,851770,parts,1,0,0,0,6.3265,6326523.0,0.0,1.8447471606471812,KOR_parts,202502_parts,KOR_202502
KOR,5,202503,27,851770,parts,1,0,0,0,5.3855,5385478.0,0.0,1.6837101568086879,KOR_parts,202503_parts,KOR_202503
KOR,5,202504,28,851770,parts,1,0,1,0,5.7072,5707193.0,0.0,1.74172853562249,KOR_parts,202504_parts,KOR_202504
KOR,5,202505,29,851770,parts,1,0,1,0,4.1399,4139937.0,0.0,1.4206716329561242,KOR_parts,202505_parts,KOR_202505
KOR,5,202506,30,851770,parts,1,0,1,0,5.1552,5155158.0,0.0,1.640005914000518,KOR_parts,202506_parts,KOR_202506
KOR,5,202507,31,851770,parts,1,0,1,0,4.2553,4255257.0,0.0,1.4481652648278531,KOR_parts,202507_parts,KOR_202507
KOR,5,202508,32,851770,parts,1,0,1,0,3.986,3986000.0,0.0,1.3827882217906031,KOR_parts,202508_parts,KOR_202508
KOR,5,202509,33,851770,parts,1,0,1,0,2.1483,2148308.0,0.0,0.7646768316988667,KOR_parts,202509_parts,KOR_202509
KOR,5,202510,34,851770,parts,1,0,1,0,2.9196,2919615.0,0.0,1.0714466205953401,KOR_parts,202510_parts,KOR_202510
KOR,5,202511,35,851770,parts,1,0,1,0,4.8498,4849847.0,0.0,1.5789374669857166,KOR_parts,202511_parts,KOR_202511
KOR,5,202512,36,851770,parts,1,0,1,0,4.2488,4248836.0,0.0,1.4466365901260523,KOR_parts,202512_parts,KOR_202512
TWN,10,202301,1,851770,parts,1,0,0,0,21.0835,21083490.0,0.0,3.0484907440466142,TWN_parts,202301_parts,TWN_202301
TWN,10,202302,2,851770,parts,1,0,0,0,18.1148,18114818.0,0.0,2.896729283711983,TWN_parts,202302_parts,TWN_202302
TWN,10,202303,3,851770,parts,1,0,0,0,18.2584,18258430.0,0.0,2.9046252481075308,TWN_parts,202303_parts,TWN_202303
TWN,10,202304,4,851770,parts,1,0,0,0,15.3831,15383148.0,0.0,2.7332695042350563,TWN_parts,202304_parts,TWN_202304
TWN,10,202305,5,851770,parts,1,0,0,0,27.1948,27194785.0,0.0,3.3030257785548125,TWN_parts,202305_parts,TWN_202305
TWN,10,202306,6,851770,parts,1,0,0,0,19.3586,19358635.0,0.0,2.963136765184057,TWN_parts,202306_parts,TWN_202306
TWN,10,202307,7,851770,parts,1,0,0,0,24.1255,24125478.0,0.0,3.1832693723988825,TWN_parts,202307_parts,TWN_202307
TWN,10,202308,8,851770,parts,1,0,0,0,50.6616,50661589.0,0.0,3.925168227177833,TWN_parts,202308_parts,TWN_202308
TWN,10,202309,9,851770,parts,1,0,0,0,32.326,32325992.0,0.0,3.475871859987617,TWN_parts,202309_parts,TWN_202309
TWN,10,202310,10,851770,parts,1,0,0,0,43.5616,43561599.0,0.0,3.774176028336017,TWN_parts,202310_parts,TWN_202310
TWN,10,202311,11,851770,parts,1,0,0,0,40.2643,40264270.0,0.0,3.6954652202708593,TWN_parts,202311_parts,TWN_202311
TWN,10,202312,12,851770,parts,1,0,0,0,50.9259,50925876.0,0.0,3.930371635005304,TWN_parts,202312_parts,TWN_202312
TWN,10,202401,13,851770,parts,1,0,0,0,35.0285,35028510.0,0.0,3.556162015852951,TWN_parts,202401_parts,TWN_202401
TWN,10,202402,14,851770,parts,1,0,0,0,38.8141,38814129.0,0.0,3.658783582676547,TWN_parts,202402_parts,TWN_202402
TWN,10,202403,15,851770,parts,1,0,0,0,39.3859,39385859.0,0.0,3.673407884233542,TWN_parts,202403_parts,TWN_202403
TWN,10,202404,16,851770,parts,1,0,0,0,46.105,46105017.0,0.0,3.8309214039911046,TWN_parts,202404_parts,TWN_202404
TWN,10,202405,17,851770,parts,1,0,0,0,34.4781,34478064.0,0.0,3.5403243398688358,TWN_parts,202405_parts,TWN_202405
TWN,10,202406,18,851770,parts,1,0,0,0,56.2714,56271356.0,0.0,4.030186413178336,TWN_parts,202406_parts,TWN_202406
TWN,10,202407,19,851770,parts,1,0,0,0,54.4652,54465190.0,0.0,3.997561965610656,TWN_parts,202407_parts,TWN_202407
TWN,10,202408,20,851770,parts,1,0,0,0,16.492,16492043.0,0.0,2.8028754148446535,TWN_parts,202408_parts,TWN_202408
TWN,10,202409,21,851770,parts,1,0,0,0,12.3743,12374254.0,0.0,2.515621741198291,TWN_parts,202409_parts,TWN_202409
TWN,10,202410,22,851770,parts,1,0,0,0,10.8681,10868124.0,0.0,2.38583189284676,TWN_parts,202410_parts,TWN_202410
TWN,10,202411,23,851770,parts,1,0,0,0,10.2588,10258769.0,0.0,2.3281358738380513,TWN_parts,202411_parts,TWN_202411
TWN,10,202412,24,851770,parts,1,0,0,0,14.3683,14368294.0,0.0,2.6650243910746045,TWN_parts,202412_parts,TWN_202412
TWN,10,202501,25,851770,parts,1,0,0,0,11.6454,11645387.0,0.0,2.4549112522525993,TWN_parts,202501_parts,TWN_202501
TWN,10,202502,26,851770,parts,1,0,0,0,9.853,9853036.0,0.0,2.2877759773403374,TWN_parts,202502_parts,TWN_202502
TWN,10,202503,27,851770,parts,1,0,0,0,10.0832,10083219.0,0.0,2.3108706725808186,TWN_parts,202503_parts,TWN_202503
TWN,10,202504,28,851770,parts,1,0,1,0,7.9342,7934169.0,0.0,2.07118252974014,TWN_parts,202504_parts,TWN_202504
TWN,10,202505,29,851770,parts,1,0,1,0,6.9124,6912436.0,0.0,1.9333169001976995,TWN_parts,202505_parts,TWN_202505
TWN,10,202506,30,851770,parts,1,0,1,0,8.8985,8898484.0,0.0,2.1858827232079032,TWN_parts,202506_parts,TWN_202506
TWN,10,202507,31,851770,parts,1,0,1,0,10.4619,10461917.0,0.0,2.3477400865009024,TWN_parts,202507_parts,TWN_202507
TWN,10,202508,32,851770,parts,1,0,1,0,9.4994,9499354.0,0.0,2.2512286387172145,TWN_parts,202508_parts,TWN_202508
TWN,10,202509,33,851770,parts,1,0,1,0,10.5291,10529104.0,0.0,2.354142852407638,TWN_parts,202509_parts,TWN_202509
TWN,10,202510,34,851770,parts,1,0,1,0,8.861,8860990.0,0.0,2.1816596250651656,TWN_parts,202510_parts,TWN_202510
TWN,10,202511,35,851770,parts,1,0,1,0,10.1511,10151123.0,0.0,2.3175820739999535,TWN_parts,202511_parts,TWN_202511
TWN,10,202512,36,851770,parts,1,0,1,0,12.283,12282966.0,0.0,2.5082161925569575,TWN_parts,202512_parts,TWN_202512
JPN,4,202301,1,851770,parts,1,0,0,0,3.2221,3222054.0,0.0,1.170033320896372,JPN_parts,202301_parts,JPN_202301
JPN,4,202302,2,851770,parts,1,0,0,0,3.8446,3844598.0,0.0,1.3466695663366228,JPN_parts,202302_parts,JPN_202302
JPN,4,202303,3,851770,parts,1,0,0,0,6.9232,6923243.0,0.0,1.9348780904884832,JPN_parts,202303_parts,JPN_202303
JPN,4,202304,4,851770,parts,1,0,0,0,2.5749,2574908.0,0.0,0.9458106984101469,JPN_parts,202304_parts,JPN_202304
JPN,4,202305,5,851770,parts,1,0,0,0,3.3351,3335110.0,0.0,1.204502663925542,JPN_parts,202305_parts,JPN_202305
JPN,4,202306,6,851770,parts,1,0,0,0,4.9752,4975192.0,0.0,1.6044655708075424,JPN_parts,202306_parts,JPN_202306
JPN,4,202307,7,851770,parts,1,0,0,0,3.9586,3958593.0,0.0,1.3758904274044976,JPN_parts,202307_parts,JPN_202307
JPN,4,202308,8,851770,parts,1,0,0,0,3.9109,3910892.0,0.0,1.3637675265382794,JPN_parts,202308_parts,JPN_202308
JPN,4,202309,9,851770,parts,1,0,0,0,2.9406,2940583.0,0.0,1.0786136421614196,JPN_parts,202309_parts,JPN_202309
JPN,4,202310,10,851770,parts,1,0,0,0,3.5934,3593392.0,0.0,1.2790988295163346,JPN_parts,202310_parts,JPN_202310
JPN,4,202311,11,851770,parts,1,0,0,0,3.0356,3035579.0,0.0,1.1104090985476207,JPN_parts,202311_parts,JPN_202311
JPN,4,202312,12,851770,parts,1,0,0,0,4.8818,4881763.0,0.0,1.585514004314727,JPN_parts,202312_parts,JPN_202312
JPN,4,202401,13,851770,parts,1,0,0,0,3.9246,3924592.0,0.0,1.367264435213085,JPN_parts,202401_parts,JPN_202401
JPN,4,202402,14,851770,parts,1,0,0,0,4.8867,4886694.0,0.0,1.586517229049532,JPN_parts,202402_parts,JPN_202402
JPN,4,202403,15,851770,parts,1,0,0,0,3.354,3353973.0,0.0,1.210153663401017,JPN_parts,202403_parts,JPN_202403
JPN,4,202404,16,851770,parts,1,0,0,0,4.1709,4170893.0,0.0,1.4281318398614702,JPN_parts,202404_parts,JPN_202404
JPN,4,202405,17,851770,parts,1,0,0,0,3.845,3844987.0,0.0,1.3467736029576074,JPN_parts,202405_parts,JPN_202405
JPN,4,202406,18,851770,parts,1,0,0,0,3.9292,3929233.0,0.0,1.3684358428185774,JPN_parts,202406_parts,JPN_202406
JPN,4,202407,19,851770,parts,1,0,0,0,4.5923,4592326.0,0.0,1.5243809878937407,JPN_parts,202407_parts,JPN_202407
JPN,4,202408,20,851770,parts,1,0,0,0,3.8173,3817259.0,0.0,1.3395433664304373,JPN_parts,202408_parts,JPN_202408
JPN,4,202409,21,851770,parts,1,0,0,0,5.2909,5290905.0,0.0,1.665988363724487,JPN_parts,202409_parts,JPN_202409
JPN,4,202410,22,851770,parts,1,0,0,0,5.5901,5590082.0,0.0,1.7209971760946565,JPN_parts,202410_parts,JPN_202410
JPN,4,202411,23,851770,parts,1,0,0,0,4.2042,4204191.0,0.0,1.4360840256224061,JPN_parts,202411_parts,JPN_202411
JPN,4,202412,24,851770,parts,1,0,0,0,6.1834,6183425.0,0.0,1.8218682819983716,JPN_parts,202412_parts,JPN_202412
JPN,4,202501,25,851770,parts,1,0,0,0,3.699,3698987.0,0.0,1.308062512850317,JPN_parts,202501_parts,JPN_202501
JPN,4,202502,26,851770,parts,1,0,0,0,2.8763,2876253.0,0.0,1.0565047459625403,JPN_parts,202502_parts,JPN_202502
JPN,4,202503,27,851770,parts,1,0,0,0,2.5936,2593642.0,0.0,0.9530468719992745,JPN_parts,202503_parts,JPN_202503
JPN,4,202504,28,851770,parts,1,0,1,0,3.3927,3392724.0,0.0,1.221626064563254,JPN_parts,202504_parts,JPN_202504
JPN,4,202505,29,851770,parts,1,0,1,0,2.2192,2219162.0,0.0,0.79714677057843,JPN_parts,202505_parts,JPN_202505
JPN,4,202506,30,851770,parts,1,0,1,0,2.2892,2289197.0,0.0,0.8282024115528102,JPN_parts,202506_parts,JPN_202506
JPN,4,202507,31,851770,parts,1,0,1,0,3.035,3034976.0,0.0,1.1102114245114616,JPN_parts,202507_parts,JPN_202507
JPN,4,202508,32,851770,parts,1,0,1,0,2.6983,2698315.0,0.0,0.9926219450806771,JPN_parts,202508_parts,JPN_202508
JPN,4,202509,33,851770,parts,1,0,1,0,2.371,2370967.0,0.0,0.8633118070832684,JPN_parts,202509_parts,JPN_202509
JPN,4,202510,34,851770,parts,1,0,1,0,3.228,3228037.0,0.0,1.1718627504077024,JPN_parts,202510_parts,JPN_202510
JPN,4,202511,35,851770,parts,1,0,1,0,15.0534,15053424.0,0.0,2.711603879301508,JPN_parts,202511_parts,JPN_202511
JPN,4,202512,36,851770,parts,1,0,1,0,11.5821,11582114.0,0.0,2.4494608028537015,JPN_parts,202512_parts,JPN_202512
DEU,2,202301,1,851770,parts,1,0,0,0,6.7756,6775585.0,0.0,1.9133279237300898,DEU_parts,202301_parts,DEU_202301
DEU,2,202302,2,851770,parts,1,0,0,0,4.0264,4026390.0,0.0,1.3928726764800132,DEU_parts,202302_parts,DEU_202302
DEU,2,202303,3,851770,parts,1,0,0,0,5.0556,5055627.0,0.0,1.6204965397908342,DEU_parts,202303_parts,DEU_202303
DEU,2,202304,4,851770,parts,1,0,0,0,4.9498,4949760.0,0.0,1.5993471717239296,DEU_parts,202304_parts,DEU_202304
DEU,2,202305,5,851770,parts,1,0,0,0,6.1733,6173319.0,0.0,1.8202335409673114,DEU_parts,202305_parts,DEU_202305
DEU,2,202306,6,851770,parts,1,0,0,0,4.986,4985990.0,0.0,1.606633985101366,DEU_parts,202306_parts,DEU_202306
DEU,2,202307,7,851770,parts,1,0,0,0,6.8772,6877233.0,0.0,1.928211592363555,DEU_parts,202307_parts,DEU_202307
DEU,2,202308,8,851770,parts,1,0,0,0,7.1419,7141892.0,0.0,1.9659788473940305,DEU_parts,202308_parts,DEU_202308
DEU,2,202309,9,851770,parts,1,0,0,0,4.8742,4874228.0,0.0,1.583955988419409,DEU_parts,202309_parts,DEU_202309
DEU,2,202310,10,851770,parts,1,0,0,0,5.1009,5100866.0,0.0,1.6294169947494128,DEU_parts,202310_parts,DEU_202310
DEU,2,202311,11,851770,parts,1,0,0,0,5.2332,5233152.0,0.0,1.655022945654584,DEU_parts,202311_parts,DEU_202311
DEU,2,202312,12,851770,parts,1,0,0,0,7.6591,7659126.0,0.0,2.035894483377016,DEU_parts,202312_parts,DEU_202312
DEU,2,202401,13,851770,parts,1,0,0,0,3.522,3522027.0,0.0,1.2590290100740142,DEU_parts,202401_parts,DEU_202401
DEU,2,202402,14,851770,parts,1,0,0,0,4.2076,4207605.0,0.0,1.436892413882982,DEU_parts,202402_parts,DEU_202402
DEU,2,202403,15,851770,parts,1,0,0,0,5.4639,5463945.0,0.0,1.6981628204904706,DEU_parts,202403_parts,DEU_202403
DEU,2,202404,16,851770,parts,1,0,0,0,4.6605,4660489.0,0.0,1.5391227385190747,DEU_parts,202404_parts,DEU_202404
DEU,2,202405,17,851770,parts,1,0,0,0,4.7657,4765730.0,0.0,1.5614444308288213,DEU_parts,202405_parts,DEU_202405
DEU,2,202406,18,851770,parts,1,0,0,0,3.867,3866982.0,0.0,1.35247901262516,DEU_parts,202406_parts,DEU_202406
DEU,2,202407,19,851770,parts,1,0,0,0,3.6377,3637676.0,0.0,1.2913516138039807,DEU_parts,202407_parts,DEU_202407
DEU,2,202408,20,851770,parts,1,0,0,0,3.4036,3403618.0,0.0,1.2248336949932652,DEU_parts,202408_parts,DEU_202408
DEU,2,202409,21,851770,parts,1,0,0,0,3.8135,3813523.0,0.0,1.3385474026221562,DEU_parts,202409_parts,DEU_202409
DEU,2,202410,22,851770,parts,1,0,0,0,3.7961,3796141.0,0.0,1.3339742239201913,DEU_parts,202410_parts,DEU_202410
DEU,2,202411,23,851770,parts,1,0,0,0,8.2906,8290605.0,0.0,2.115122342885218,DEU_parts,202411_parts,DEU_202411
DEU,2,202412,24,851770,parts,1,0,0,0,1.8206,1820581.0,0.0,0.5991661170890513,DEU_parts,202412_parts,DEU_202412
DEU,2,202501,25,851770,parts,1,0,0,0,1.1833,1183260.0,0.0,0.16830714540837613,DEU_parts,202501_parts,DEU_202501
DEU,2,202502,26,851770,parts,1,0,0,0,1.8205,1820500.0,0.0,0.5991111886333511,DEU_parts,202502_parts,DEU_202502
DEU,2,202503,27,851770,parts,1,0,0,0,2.589,2589029.0,0.0,0.9512717007694006,DEU_parts,202503_parts,DEU_202503
DEU,2,202504,28,851770,parts,1,0,1,0,2.0254,2025386.0,0.0,0.7057672119160475,DEU_parts,202504_parts,DEU_202504
DEU,2,202505,29,851770,parts,1,0,1,0,2.3326,2332567.0,0.0,0.8469835252748124,DEU_parts,202505_parts,DEU_202505
DEU,2,202506,30,851770,parts,1,0,1,0,2.2124,2212434.0,0.0,0.794077899138386,DEU_parts,202506_parts,DEU_202506
DEU,2,202507,31,851770,parts,1,0,1,0,4.8388,4838786.0,0.0,1.576666756103556,DEU_parts,202507_parts,DEU_202507
DEU,2,202508,32,851770,parts,1,0,1,0,1.6231,1623074.0,0.0,0.4843379009288878,DEU_parts,202508_parts,DEU_202508
DEU,2,202509,33,851770,parts,1,0,1,0,2.6127,2612733.0,0.0,0.9603841693846664,DEU_parts,202509_parts,DEU_202509
DEU,2,202510,34,851770,parts,1,0,1,0,1.5191,1519112.0,0.0,0.41811805423147985,DEU_parts,202510_parts,DEU_202510
DEU,2,202511,35,851770,parts,1,0,1,0,2.4301,2430100.0,0.0,0.8879324087691004,DEU_parts,202511_parts,DEU_202511
DEU,2,202512,36,851770,parts,1,0,1,0,13.1633,13163255.0,0.0,2.5774326543405874,DEU_parts,202512_parts,DEU_202512
MYS,7,202301,1,851770,parts,1,0,0,0,22.0457,22045669.0,0.0,3.093117571537803,MYS_parts,202301_parts,MYS_202301
MYS,7,202302,2,851770,parts,1,0,0,0,22.9122,22912173.0,0.0,3.1316695197904165,MYS_parts,202302_parts,MYS_202302
MYS,7,202303,3,851770,parts,1,0,0,0,28.2659,28265931.0,0.0,3.3416561311204127,MYS_parts,202303_parts,MYS_202303
MYS,7,202304,4,851770,parts,1,0,0,0,19.5385,19538468.0,0.0,2.9723868780589995,MYS_parts,202304_parts,MYS_202304
MYS,7,202305,5,851770,parts,1,0,0,0,22.7389,22738943.0,0.0,3.124077114241213,MYS_parts,202305_parts,MYS_202305
MYS,7,202306,6,851770,parts,1,0,0,0,14.6722,14672214.0,0.0,2.6859545468279635,MYS_parts,202306_parts,MYS_202306
MYS,7,202307,7,851770,parts,1,0,0,0,16.1657,16165673.0,0.0,2.7828917136731737,MYS_parts,202307_parts,MYS_202307
MYS,7,202308,8,851770,parts,1,0,0,0,24.7871,24787088.0,0.0,3.210323356549799,MYS_parts,202308_parts,MYS_202308
MYS,7,202309,9,851770,parts,1,0,0,0,20.91,20909973.0,0.0,3.0402275134405423,MYS_parts,202309_parts,MYS_202309
MYS,7,202310,10,851770,parts,1,0,0,0,16.2935,16293511.0,0.0,2.7907662552754826,MYS_parts,202310_parts,MYS_202310
MYS,7,202311,11,851770,parts,1,0,0,0,16.1633,16163309.0,0.0,2.782743240166142,MYS_parts,202311_parts,MYS_202311
MYS,7,202312,12,851770,parts,1,0,0,0,26.3083,26308288.0,0.0,3.2698844787494856,MYS_parts,202312_parts,MYS_202312
MYS,7,202401,13,851770,parts,1,0,0,0,15.9392,15939157.0,0.0,2.768781483896827,MYS_parts,202401_parts,MYS_202401
MYS,7,202402,14,851770,parts,1,0,0,0,13.0089,13008928.0,0.0,2.5656337386039443,MYS_parts,202402_parts,MYS_202402
MYS,7,202403,15,851770,parts,1,0,0,0,18.7144,18714351.0,0.0,2.9292932809974204,MYS_parts,202403_parts,MYS_202403
MYS,7,202404,16,851770,parts,1,0,0,0,18.3616,18361639.0,0.0,2.9102615273648538,MYS_parts,202404_parts,MYS_202404
MYS,7,202405,17,851770,parts,1,0,0,0,17.0978,17097809.0,0.0,2.8389498002610933,MYS_parts,202405_parts,MYS_202405
MYS,7,202406,18,851770,parts,1,0,0,0,14.9521,14952140.0,0.0,2.7048517581993825,MYS_parts,202406_parts,MYS_202406
MYS,7,202407,19,851770,parts,1,0,0,0,20.2458,20245809.0,0.0,3.00794736463325,MYS_parts,202407_parts,MYS_202407
MYS,7,202408,20,851770,parts,1,0,0,0,21.7923,21792339.0,0.0,3.081556696392168,MYS_parts,202408_parts,MYS_202408
MYS,7,202409,21,851770,parts,1,0,0,0,27.2482,27248182.0,0.0,3.304987463881651,MYS_parts,202409_parts,MYS_202409
MYS,7,202410,22,851770,parts,1,0,0,0,21.223,21223028.0,0.0,3.055085499253504,MYS_parts,202410_parts,MYS_202410
MYS,7,202411,23,851770,parts,1,0,0,0,19.9814,19981368.0,0.0,2.994801840835685,MYS_parts,202411_parts,MYS_202411
MYS,7,202412,24,851770,parts,1,0,0,0,28.7257,28725670.0,0.0,3.357792192454436,MYS_parts,202412_parts,MYS_202412
MYS,7,202501,25,851770,parts,1,0,0,0,21.9972,21997210.0,0.0,3.090915172531182,MYS_parts,202501_parts,MYS_202501
MYS,7,202502,26,851770,parts,1,0,0,0,17.5058,17505757.0,0.0,2.86253225459058,MYS_parts,202502_parts,MYS_202502
MYS,7,202503,27,851770,parts,1,0,0,0,16.9878,16987847.0,0.0,2.8324954393654753,MYS_parts,202503_parts,MYS_202503
MYS,7,202504,28,851770,parts,1,0,1,0,15.7813,15781257.0,0.0,2.7588256947874457,MYS_parts,202504_parts,MYS_202504
MYS,7,202505,29,851770,parts,1,0,1,0,17.5625,17562515.0,0.0,2.8657659470939647,MYS_parts,202505_parts,MYS_202505
MYS,7,202506,30,851770,parts,1,0,1,0,14.1673,14167348.0,0.0,2.650936492145336,MYS_parts,202506_parts,MYS_202506
MYS,7,202507,31,851770,parts,1,0,1,0,10.2442,10244192.0,0.0,2.3267116917702797,MYS_parts,202507_parts,MYS_202507
MYS,7,202508,32,851770,parts,1,0,1,0,12.4303,12430318.0,0.0,2.52013704038825,MYS_parts,202508_parts,MYS_202508
MYS,7,202509,33,851770,parts,1,0,1,0,12.8009,12800923.0,0.0,2.5495154809537635,MYS_parts,202509_parts,MYS_202509
MYS,7,202510,34,851770,parts,1,0,1,0,14.3733,14373259.0,0.0,2.6653723188204808,MYS_parts,202510_parts,MYS_202510
MYS,7,202511,35,851770,parts,1,0,1,0,17.124,17124043.0,0.0,2.8404809882826996,MYS_parts,202511_parts,MYS_202511
MYS,7,202512,36,851770,parts,1,0,1,0,14.876,14876036.0,0.0,2.6997491760628236,MYS_parts,202512_parts,MYS_202512
THA,9,202301,1,851770,parts,1,0,0,0,18.5572,18557194.0,0.0,2.9208578539082626,THA_parts,202301_parts,THA_202301
THA,9,202302,2,851770,parts,1,0,0,0,17.3878,17387838.0,0.0,2.8557688108749795,THA_parts,202302_parts,THA_202302
THA,9,202303,3,851770,parts,1,0,0,0,24.867,24866967.0,0.0,3.2135416232774987,THA_parts,202303_parts,THA_202303
THA,9,202304,4,851770,parts,1,0,0,0,19.1206,19120620.0,0.0,2.950766287884028,THA_parts,202304_parts,THA_202304
THA,9,202305,5,851770,parts,1,0,0,0,13.2874,13287357.0,0.0,2.586816217769568,THA_parts,202305_parts,THA_202305
THA,9,202306,6,851770,parts,1,0,0,0,16.0879,16087905.0,0.0,2.7780674366380045,THA_parts,202306_parts,THA_202306
THA,9,202307,7,851770,parts,1,0,0,0,14.9261,14926101.0,0.0,2.7031113584053643,THA_parts,202307_parts,THA_202307
THA,9,202308,8,851770,parts,1,0,0,0,14.2902,14290179.0,0.0,2.6595739876450954,THA_parts,202308_parts,THA_202308
THA,9,202309,9,851770,parts,1,0,0,0,19.8879,19887878.0,0.0,2.990111506598031,THA_parts,202309_parts,THA_202309
THA,9,202310,10,851770,parts,1,0,0,0,15.0216,15021558.0,0.0,2.709489165296464,THA_parts,202310_parts,THA_202310
THA,9,202311,11,851770,parts,1,0,0,0,18.1674,18167428.0,0.0,2.8996287791588413,THA_parts,202311_parts,THA_202311
THA,9,202312,12,851770,parts,1,0,0,0,15.5441,15544129.0,0.0,2.743681145404934,THA_parts,202312_parts,THA_202312
THA,9,202401,13,851770,parts,1,0,0,0,15.282,15281951.0,0.0,2.726675665225375,THA_parts,202401_parts,THA_202401
THA,9,202402,14,851770,parts,1,0,0,0,14.5375,14537498.0,0.0,2.676731517844783,THA_parts,202402_parts,THA_202402
THA,9,202403,15,851770,parts,1,0,0,0,20.0106,20010590.0,0.0,2.996262133153597,THA_parts,202403_parts,THA_202403
THA,9,202404,16,851770,parts,1,0,0,0,23.0013,23001332.0,0.0,3.1355507360709867,THA_parts,202404_parts,THA_202404
THA,9,202405,17,851770,parts,1,0,0,0,15.8566,15856639.0,0.0,2.7635858174367818,THA_parts,202405_parts,THA_202405
THA,9,202406,18,851770,parts,1,0,0,0,16.5263,16526295.0,0.0,2.8049530513273435,THA_parts,202406_parts,THA_202406
THA,9,202407,19,851770,parts,1,0,0,0,15.1403,15140307.0,0.0,2.7173600628724324,THA_parts,202407_parts,THA_202407
THA,9,202408,20,851770,parts,1,0,0,0,13.2141,13214089.0,0.0,2.581284441310253,THA_parts,202408_parts,THA_202408
THA,9,202409,21,851770,parts,1,0,0,0,14.1541,14154118.0,0.0,2.6500043347692315,THA_parts,202409_parts,THA_202409
THA,9,202410,22,851770,parts,1,0,0,0,16.4244,16424368.0,0.0,2.798768034023084,THA_parts,202410_parts,THA_202410
THA,9,202411,23,851770,parts,1,0,0,0,15.6843,15684343.0,0.0,2.752660212020679,THA_parts,202411_parts,THA_202411
THA,9,202412,24,851770,parts,1,0,0,0,21.8704,21870387.0,0.0,3.0851341244162516,THA_parts,202412_parts,THA_202412
THA,9,202501,25,851770,parts,1,0,0,0,14.655,14655043.0,0.0,2.6847815741628556,THA_parts,202501_parts,THA_202501
THA,9,202502,26,851770,parts,1,0,0,0,20.3567,20356680.0,0.0,3.013410096030797,THA_parts,202502_parts,THA_202502
THA,9,202503,27,851770,parts,1,0,0,0,20.6656,20665638.0,0.0,3.0284704821417643,THA_parts,202503_parts,THA_202503
THA,9,202504,28,851770,parts,1,0,1,0,22.1463,22146310.0,0.0,3.0976704396485366,THA_parts,202504_parts,THA_202504
THA,9,202505,29,851770,parts,1,0,1,0,23.4517,23451697.0,0.0,3.1549429869341865,THA_parts,202505_parts,THA_202505
THA,9,202506,30,851770,parts,1,0,1,0,20.703,20702968.0,0.0,3.0302786173065743,THA_parts,202506_parts,THA_202506
THA,9,202507,31,851770,parts,1,0,1,0,23.7197,23719673.0,0.0,3.1663059264947377,THA_parts,202507_parts,THA_202507
THA,9,202508,32,851770,parts,1,0,1,0,21.9519,21951920.0,0.0,3.088853696139513,THA_parts,202508_parts,THA_202508
THA,9,202509,33,851770,parts,1,0,1,0,11.0973,11097271.0,0.0,2.406701835486609,THA_parts,202509_parts,THA_202509
THA,9,202510,34,851770,parts,1,0,1,0,12.3307,12330712.0,0.0,2.512092087665346,THA_parts,202510_parts,THA_202510
THA,9,202511,35,851770,parts,1,0,1,0,13.2559,13255938.0,0.0,2.5844427363420355,THA_parts,202511_parts,THA_202511
THA,9,202512,36,851770,parts,1,0,1,0,10.926,10926001.0,0.0,2.391145269973526,THA_parts,202512_parts,THA_202512
IND,3,202301,1,851770,parts,1,0,0,0,11.6504,11650374.0,0.0,2.4553405141862337,IND_parts,202301_parts,IND_202301
IND,3,202302,2,851770,parts,1,0,0,0,7.0432,7043250.0,0.0,1.9520626123500053,IND_parts,202302_parts,IND_202302
IND,3,202303,3,851770,parts,1,0,0,0,5.5818,5581792.0,0.0,1.719511305020431,IND_parts,202303_parts,IND_202303
IND,3,202304,4,851770,parts,1,0,0,0,6.4292,6429214.0,0.0,1.8608501137128488,IND_parts,202304_parts,IND_202304
IND,3,202305,5,851770,parts,1,0,0,0,5.4956,5495625.0,0.0,1.7039477720676561,IND_parts,202305_parts,IND_202305
IND,3,202306,6,851770,parts,1,0,0,0,5.828,5827985.0,0.0,1.7626738883329585,IND_parts,202306_parts,IND_202306
IND,3,202307,7,851770,parts,1,0,0,0,4.3468,4346813.0,0.0,1.4694399422065594,IND_parts,202307_parts,IND_202307
IND,3,202308,8,851770,parts,1,0,0,0,4.4007,4400666.0,0.0,1.4817636191796897,IND_parts,202308_parts,IND_202308
IND,3,202309,9,851770,parts,1,0,0,0,4.277,4277048.0,0.0,1.4532518292447716,IND_parts,202309_parts,IND_202309
IND,3,202310,10,851770,parts,1,0,0,0,5.1685,5168531.0,0.0,1.6425825110264023,IND_parts,202310_parts,IND_202310
IND,3,202311,11,851770,parts,1,0,0,0,4.601,4601049.0,0.0,1.5262736711733316,IND_parts,202311_parts,IND_202311
IND,3,202312,12,851770,parts,1,0,0,0,4.8157,4815666.0,0.0,1.5718814137074664,IND_parts,202312_parts,IND_202312
IND,3,202401,13,851770,parts,1,0,0,0,4.1045,4104504.0,0.0,1.4120839328061838,IND_parts,202401_parts,IND_202401
IND,3,202402,14,851770,parts,1,0,0,0,4.1731,4173146.0,0.0,1.428659164897659,IND_parts,202402_parts,IND_202402
IND,3,202403,15,851770,parts,1,0,0,0,5.5315,5531479.0,0.0,1.7104590264928285,IND_parts,202403_parts,IND_202403
IND,3,202404,16,851770,parts,1,0,0,0,22.5577,22557698.0,0.0,3.1160764710779576,IND_parts,202404_parts,IND_202404
IND,3,202405,17,851770,parts,1,0,0,0,9.1738,9173806.0,0.0,2.2163515951961155,IND_parts,202405_parts,IND_202405
IND,3,202406,18,851770,parts,1,0,0,0,7.3463,7346336.0,0.0,1.9941967851151974,IND_parts,202406_parts,IND_202406
IND,3,202407,19,851770,parts,1,0,0,0,7.0925,7092469.0,0.0,1.9590378877008694,IND_parts,202407_parts,IND_202407
IND,3,202408,20,851770,parts,1,0,0,0,8.6968,8696844.0,0.0,2.1629551419076534,IND_parts,202408_parts,IND_202408
IND,3,202409,21,851770,parts,1,0,0,0,7.0948,7094836.0,0.0,1.9593621213492942,IND_parts,202409_parts,IND_202409
IND,3,202410,22,851770,parts,1,0,0,0,9.8291,9829148.0,0.0,2.28534737350771,IND_parts,202410_parts,IND_202410
IND,3,202411,23,851770,parts,1,0,0,0,9.6145,9614459.0,0.0,2.263272375608505,IND_parts,202411_parts,IND_202411
IND,3,202412,24,851770,parts,1,0,0,0,8.6752,8675155.0,0.0,2.1604683803222096,IND_parts,202412_parts,IND_202412
IND,3,202501,25,851770,parts,1,0,0,0,7.4285,7428480.0,0.0,2.0053239540952705,IND_parts,202501_parts,IND_202501
IND,3,202502,26,851770,parts,1,0,0,0,7.5756,7575629.0,0.0,2.024932556179443,IND_parts,202502_parts,IND_202502
IND,3,202503,27,851770,parts,1,0,0,0,6.381,6380972.0,0.0,1.85332482488621,IND_parts,202503_parts,IND_202503
IND,3,202504,28,851770,parts,1,0,1,0,27.3296,27329583.0,0.0,3.307970363901659,IND_parts,202504_parts,IND_202504
IND,3,202505,29,851770,parts,1,0,1,0,16.6042,16604246.0,0.0,2.80965567540854,IND_parts,202505_parts,IND_202505
IND,3,202506,30,851770,parts,1,0,1,0,8.7996,8799577.0,0.0,2.174706265905617,IND_parts,202506_parts,IND_202506
IND,3,202507,31,851770,parts,1,0,1,0,9.8244,9824352.0,0.0,2.284869087188266,IND_parts,202507_parts,IND_202507
IND,3,202508,32,851770,parts,1,0,1,0,11.8003,11800341.0,0.0,2.468124954877255,IND_parts,202508_parts,IND_202508
IND,3,202509,33,851770,parts,1,0,1,0,9.904,9903992.0,0.0,2.29293871594224,IND_parts,202509_parts,IND_202509
IND,3,202510,34,851770,parts,1,0,1,0,8.7725,8772463.0,0.0,2.1716218284752333,IND_parts,202510_parts,IND_202510
IND,3,202511,35,851770,parts,1,0,1,0,11.6584,11658428.0,0.0,2.4560269502373497,IND_parts,202511_parts,IND_202511
IND,3,202512,36,851770,parts,1,0,1,0,10.3028,10302821.0,0.0,2.3324157029527197,IND_parts,202512_parts,IND_202512
PHL,8,202301,1,851770,parts,1,0,0,0,0.625,624995.0,0.0,-0.4700036292457356,PHL_parts,202301_parts,PHL_202301
PHL,8,202302,2,851770,parts,1,0,0,0,0.9942,994222.0,0.0,-0.005816885321564851,PHL_parts,202302_parts,PHL_202302
PHL,8,202303,3,851770,parts,1,0,0,0,0.4961,496132.0,0.0,-0.7009777596751339,PHL_parts,202303_parts,PHL_202303
PHL,8,202304,4,851770,parts,1,0,0,0,0.4787,478680.0,0.0,-0.7366811825836737,PHL_parts,202304_parts,PHL_202304
PHL,8,202305,5,851770,parts,1,0,0,0,0.8057,805728.0,0.0,-0.21604381419898683,PHL_parts,202305_parts,PHL_202305
PHL,8,202306,6,851770,parts,1,0,0,0,2.348,2347985.0,0.0,0.85356390196585,PHL_parts,202306_parts,PHL_202306
PHL,8,202307,7,851770,parts,1,0,0,0,1.166,1166028.0,0.0,0.15357908792830058,PHL_parts,202307_parts,PHL_202307
PHL,8,202308,8,851770,parts,1,0,0,0,1.4501,1450058.0,0.0,0.37163251957171245,PHL_parts,202308_parts,PHL_202308
PHL,8,202309,9,851770,parts,1,0,0,0,0.9503,950327.0,0.0,-0.05097755476486746,PHL_parts,202309_parts,PHL_202309
PHL,8,202310,10,851770,parts,1,0,0,0,0.555,554974.0,0.0,-0.5887871652357024,PHL_parts,202310_parts,PHL_202310
PHL,8,202311,11,851770,parts,1,0,0,0,1.03,1029997.0,0.0,0.02955880224154443,PHL_parts,202311_parts,PHL_202311
PHL,8,202312,12,851770,parts,1,0,0,0,0.7423,742255.0,0.0,-0.2980018048586358,PHL_parts,202312_parts,PHL_202312
PHL,8,202401,13,851770,parts,1,0,0,0,0.5505,550501.0,0.0,-0.5969283228194024,PHL_parts,202401_parts,PHL_202401
PHL,8,202402,14,851770,parts,1,0,0,0,1.1015,1101541.0,0.0,0.09667288726026069,PHL_parts,202402_parts,PHL_202402
PHL,8,202403,15,851770,parts,1,0,0,0,1.9398,1939815.0,0.0,0.6625848749773053,PHL_parts,202403_parts,PHL_202403
PHL,8,202404,16,851770,parts,1,0,0,0,7.4448,7444824.0,0.0,2.007515802108247,PHL_parts,202404_parts,PHL_202404
PHL,8,202405,17,851770,parts,1,0,0,0,0.456,456025.0,0.0,-0.7852624694677509,PHL_parts,202405_parts,PHL_202405
PHL,8,202406,18,851770,parts,1,0,0,0,1.3732,1373241.0,0.0,0.3171437826013999,PHL_parts,202406_parts,PHL_202406
PHL,8,202407,19,851770,parts,1,0,0,0,0.2216,221607.0,0.0,-1.5068813241090084,PHL_parts,202407_parts,PHL_202407
PHL,8,202408,20,851770,parts,1,0,0,0,0.6188,618836.0,0.0,-0.47997316028322595,PHL_parts,202408_parts,PHL_202408
PHL,8,202409,21,851770,parts,1,0,0,0,0.4748,474794.0,0.0,-0.7448616162466241,PHL_parts,202409_parts,PHL_202409
PHL,8,202410,22,851770,parts,1,0,0,0,0.7006,700615.0,0.0,-0.3558181682187506,PHL_parts,202410_parts,PHL_202410
PHL,8,202411,23,851770,parts,1,0,0,0,1.0493,1049273.0,0.0,0.048123275181728174,PHL_parts,202411_parts,PHL_202411
PHL,8,202412,24,851770,parts,1,0,0,0,0.7966,796625.0,0.0,-0.22740260823459324,PHL_parts,202412_parts,PHL_202412
PHL,8,202501,25,851770,parts,1,0,0,0,1.2704,1270417.0,0.0,0.2393318115107342,PHL_parts,202501_parts,PHL_202501
PHL,8,202502,26,851770,parts,1,0,0,0,0.4635,463463.0,0.0,-0.7689488939762271,PHL_parts,202502_parts,PHL_202502
PHL,8,202503,27,851770,parts,1,0,0,0,1.6073,1607341.0,0.0,0.47455575259295824,PHL_parts,202503_parts,PHL_202503
PHL,8,202504,28,851770,parts,1,0,1,0,0.7225,722518.0,0.0,-0.32503785899554977,PHL_parts,202504_parts,PHL_202504
PHL,8,202505,29,851770,parts,1,0,1,0,0.7636,763580.0,0.0,-0.2697111871305446,PHL_parts,202505_parts,PHL_202505
PHL,8,202506,30,851770,parts,1,0,1,0,0.7851,785104.0,0.0,-0.24194418077792715,PHL_parts,202506_parts,PHL_202506
PHL,8,202507,31,851770,parts,1,0,1,0,0.9478,947801.0,0.0,-0.053611769448649156,PHL_parts,202507_parts,PHL_202507
PHL,8,202508,32,851770,parts,1,0,1,0,0.6538,653764.0,0.0,-0.4249537846920267,PHL_parts,202508_parts,PHL_202508
PHL,8,202509,33,851770,parts,1,0,1,0,1.5368,1536797.0,0.0,0.4297023324722098,PHL_parts,202509_parts,PHL_202509
PHL,8,202510,34,851770,parts,1,0,1,0,0.718,718026.0,0.0,-0.33128570993391293,PHL_parts,202510_parts,PHL_202510
PHL,8,202511,35,851770,parts,1,0,1,0,0.3649,364937.0,0.0,-1.0081319355397351,PHL_parts,202511_parts,PHL_202511
PHL,8,202512,36,851770,parts,1,0,1,0,0.6785,678463.0,0.0,-0.3878707997072132,PHL_parts,202512_parts,PHL_202512
