partner_iso,partner_name,partner_id,period,period_id,year,month,cmd_code,post,treated,treat_post,trade_value_m_usd,trade_value_usd,net_mass_kg,net_mass_mt,unit_value_usd_per_kg,density_kg_per_m_usd,log_value,log_density
CHN,China,1,202301,1,2023,1,8517,0,0,0,6036.7384,6036738407.0,10753483.225,10753.4832,561.3752,1781.3399,8.705619145076351,7.485121112918823
CHN,China,1,202302,2,2023,2,8517,0,0,0,3385.2022,3385202238.0,11978095.776,11978.0958,282.6161,3538.3694,8.127168917683486,8.171421278540237
CHN,China,1,202303,3,2023,3,8517,0,0,0,3267.2828,3267282788.0,8217255.627,8217.2556,397.6124,2515.0121,8.091713970450398,7.830032893655467
CHN,China,1,202304,4,2023,4,8517,0,0,0,3691.5938,3691593833.0,9361019.427,9361.0194,394.3581,2535.7664,8.213813567901443,7.838251197749733
CHN,China,1,202305,5,2023,5,8517,0,0,0,3694.691,3694691035.0,9031645.762,9031.6458,409.0828,2444.4929,8.214652203363082,7.801592977535039
CHN,China,1,202306,6,2023,6,8517,0,0,0,3301.53,3301530046.0,6871764.883,6871.7649,480.4486,2081.388,8.102141276372079,7.640790257836894
CHN,China,1,202307,7,2023,7,8517,0,0,0,3670.3379,3670337936.0,6939567.95,6939.568,528.9001,1890.7164,8.208039007655042,7.544711083852335
CHN,China,1,202308,8,2023,8,8517,0,0,0,3050.324,3050323983.0,6609792.833,6609.7928,461.4856,2166.915,8.023003093467699,7.681059776032392
CHN,China,1,202309,9,2023,9,8517,0,0,0,6717.2921,6717292070.0,9901980.606,9901.9806,678.3786,1474.103,8.812440390996946,7.295804948191247
CHN,China,1,202310,10,2023,10,8517,0,0,0,7259.4066,7259406591.0,10326338.989,10326.339,702.9991,1422.477,8.890053368941121,7.260154997152723
CHN,China,1,202311,11,2023,11,8517,0,0,0,6046.9645,6046964516.0,8810383.781,8810.3838,686.3452,1456.9928,8.707311689576304,7.284129864522048
CHN,China,1,202312,12,2023,12,8517,0,0,0,5095.3856,5095385629.0,7536183.025,7536.183,676.1229,1479.0211,8.536090624834301,7.29913572900525
CHN,China,1,202401,13,2024,1,8517,0,0,0,4036.9625,4036962536.0,6753953.144,6753.9531,597.7185,1673.0285,8.303247831733751,7.422390736107714
CHN,China,1,202402,14,2024,2,8517,0,0,0,3354.2453,3354245322.0,5653934.504,5653.9345,593.2586,1685.6056,8.117982076262177,7.429880184743597
CHN,China,1,202403,15,2024,3,8517,0,0,0,2912.8647,2912864726.0,5282361.483,5282.3615,551.4323,1813.4593,7.976892308918846,7.502991515680929
CHN,China,1,202404,16,2024,4,8517,0,0,0,3389.4263,3389426305.0,5754803.274,5754.8033,588.9734,1697.8694,8.128415953014622,7.437129449896768
CHN,China,1,202405,17,2024,5,8517,0,0,0,3772.206,3772206008.0,6580430.835,6580.4308,573.2461,1744.4516,8.23541525519955,7.4641955159025954
CHN,China,1,202406,18,2024,6,8517,0,0,0,3056.6318,3056631778.0,6160697.248,6160.6972,496.1503,2015.5183,8.025068869756165,7.608631662148846
CHN,China,1,202407,19,2024,7,8517,0,0,0,3877.3135,3877313517.0,8066160.28,8066.1603,480.6889,2080.3477,8.262897795892659,7.640290322186647
CHN,China,1,202408,20,2024,8,8517,0,0,0,3579.2953,3579295289.0,7908370.519,7908.3705,452.5958,2209.477,8.182921216443088,7.700511114921683
CHN,China,1,202409,21,2024,9,8517,0,0,0,6215.7353,6215735284.0,10280085.508,10280.0855,604.6385,1653.8808,8.73483930748569,7.410879805272002
CHN,China,1,202410,22,2024,10,8517,0,0,0,7119.6843,7119684277.0,11122998.956,11122.999,640.0868,1562.2882,8.870618663535339,7.353906820422554
CHN,China,1,202411,23,2024,11,8517,0,0,0,5562.317,5562316967.0,9271820.259,9271.8203,599.9164,1666.8989,8.623770027056912,7.418720233041212
CHN,China,1,202412,24,2024,12,8517,0,0,0,4591.3266,4591326613.0,8311493.961,8311.494,552.4069,1810.2598,8.431924280904314,7.501225649871181
CHN,China,1,202501,25,2025,1,8517,0,0,0,4444.5604,4444560421.0,7735034.273,7735.0343,574.6013,1740.3373,8.399436245419516,7.461834223996693
CHN,China,1,202502,26,2025,2,8517,0,0,0,3145.9906,3145990583.0,5546485.094,5546.4851,567.2044,1763.033,8.05388409569259,7.4747909003168465
CHN,China,1,202503,27,2025,3,8517,0,0,0,3667.8484,3667848380.0,6219079.562,6219.0796,589.7735,1695.5661,8.20736050209693,7.435771946355762
CHN,China,1,202504,28,2025,4,8517,1,0,0,1419.6648,1419664844.0,3807240.912,3807.2409,372.8855,2681.7886,7.258176066391596,7.894239238960229
CHN,China,1,202505,29,2025,5,8517,1,0,0,1091.8911,1091891147.0,4527114.376,4527.1144,241.1892,4146.1226,6.995666426057229,8.329928863229046
CHN,China,1,202506,30,2025,6,8517,1,0,0,1245.8115,1245811549.0,4984021.773,4984.0218,249.9611,4000.6227,7.127542403793654,8.294205302985933
CHN,China,1,202507,31,2025,7,8517,1,0,0,1276.8393,1276839298.0,2517025.86,2517.0259,507.281,1971.2942,7.1521430062970355,7.586445560346734
CHN,China,1,202508,32,2025,8,8517,1,0,0,1400.8267,1400826720.0,2610012.194,2610.0122,536.7127,1863.1942,7.244817841326829,7.530047605641284
CHN,China,1,202509,33,2025,9,8517,1,0,0,3989.5972,3989597243.0,5088195.316,5088.1953,784.0889,1275.3657,8.291445552406921,7.150988239995933
CHN,China,1,202510,34,2025,10,8517,1,0,0,3921.6127,3921612668.0,5094268.208,5094.2682,769.8088,1299.0238,8.274258251242696,7.169368338288747
CHN,China,1,202511,35,2025,11,8517,1,0,0,2970.0493,2970049324.0,3943608.114,3943.6081,753.1299,1327.7921,7.996333830985577,7.191272766576141
CHN,China,1,202512,36,2025,12,8517,1,0,0,1931.5662,1931566222.0,2867934.961,2867.935,673.5042,1484.7718,7.566086455399404,7.303016369394681
DEU,Germany,2,202301,1,2023,1,8517,0,0,0,71.2376,71237583.0,315021.675,315.0217,226.1355,4422.1264,4.266020768915177,8.394375945359839
DEU,Germany,2,202302,2,2023,2,8517,0,0,0,53.5368,53536772.0,278175.239,278.1752,192.457,5195.9631,3.9803692679085447,8.555637276148646
DEU,Germany,2,202303,3,2023,3,8517,0,0,0,48.2509,48250927.0,197139.721,197.1397,244.755,4085.7211,3.876414480460774,8.315253515583407
DEU,Germany,2,202304,4,2023,4,8517,0,0,0,45.2025,45202523.0,186516.257,186.5163,242.3517,4126.2376,3.811152395043172,8.325121278012933
DEU,Germany,2,202305,5,2023,5,8517,0,0,0,48.7699,48769928.0,193754.992,193.755,251.7093,3972.8396,3.887113319279014,8.287236382485135
DEU,Germany,2,202306,6,2023,6,8517,0,0,0,49.219,49218970.0,183165.446,183.1654,268.7132,3721.4378,3.8962797278121863,8.221865377969573
DEU,Germany,2,202307,7,2023,7,8517,0,0,0,48.6614,48661398.0,194953.937,194.9539,249.6046,4006.3364,3.8848861080060266,8.295632486739082
DEU,Germany,2,202308,8,2023,8,8517,0,0,0,50.7838,50783795.0,204213.753,204.2138,248.6796,4021.2381,3.9275774060879765,8.299345119270026
DEU,Germany,2,202309,9,2023,9,8517,0,0,0,46.145,46144967.0,179357.512,179.3575,257.2793,3886.8244,3.8317886127175402,8.265347753603292
DEU,Germany,2,202310,10,2023,10,8517,0,0,0,49.6206,49620646.0,185295.689,185.2957,267.7917,3734.2493,3.9044060700889767,8.225302086736411
DEU,Germany,2,202311,11,2023,11,8517,0,0,0,39.3711,39371084.0,148080.435,148.0804,265.8763,3761.1455,3.67303204462121,8.232478844241575
DEU,Germany,2,202312,12,2023,12,8517,0,0,0,39.1209,39120902.0,134045.393,134.0454,291.8482,3426.4394,3.6666568510369486,8.139276925184383
DEU,Germany,2,202401,13,2024,1,8517,0,0,0,30.3467,30346702.0,111575.881,111.5759,271.9826,3676.7056,3.4126877801275857,8.209772412825275
DEU,Germany,2,202402,14,2024,2,8517,0,0,0,38.6724,38672424.0,155281.544,155.2815,249.0471,4015.3066,3.655126167308545,8.29786898710167
DEU,Germany,2,202403,15,2024,3,8517,0,0,0,37.1897,37189695.0,143689.127,143.6891,258.8205,3863.6807,3.61603184121985,8.259375557342414
DEU,Germany,2,202404,16,2024,4,8517,0,0,0,38.0384,38038384.0,135042.149,135.0421,281.6779,3550.1532,3.6385961758041683,8.174746036467893
DEU,Germany,2,202405,17,2024,5,8517,0,0,0,33.1863,33186332.0,133167.717,133.1677,249.207,4012.7317,3.502137140156344,8.297227510319406
DEU,Germany,2,202406,18,2024,6,8517,0,0,0,40.0221,40022126.0,144925.043,144.925,276.1574,3621.1254,3.689431801542006,8.194540140483307
DEU,Germany,2,202407,19,2024,7,8517,0,0,0,35.7922,35792224.0,144546.476,144.5465,247.6174,4038.491,3.5777299925730204,8.303626386329663
DEU,Germany,2,202408,20,2024,8,8517,0,0,0,37.3276,37327631.0,160187.272,160.1873,233.0249,4291.3895,3.619732999405114,8.364365852254014
DEU,Germany,2,202409,21,2024,9,8517,0,0,0,35.7471,35747111.0,161188.069,161.1881,221.7727,4509.1229,3.5764691469685834,8.413857934647545
DEU,Germany,2,202410,22,2024,10,8517,0,0,0,40.0307,40030737.0,147200.759,147.2008,271.9465,3677.1967,3.689646659736425,8.209905974567246
DEU,Germany,2,202411,23,2024,11,8517,0,0,0,45.2684,45268436.0,161426.296,161.4263,280.4279,3565.9819,3.812609217328683,8.179194722695117
DEU,Germany,2,202412,24,2024,12,8517,0,0,0,45.0321,45032068.0,152365.797,152.3658,295.5523,3383.493,3.807375568802358,8.126663886806538
DEU,Germany,2,202501,25,2025,1,8517,0,0,0,35.0252,35025180.0,120779.059,120.7791,289.9938,3448.3474,3.5560678024137626,8.14565038076856
DEU,Germany,2,202502,26,2025,2,8517,0,0,0,42.4893,42489270.0,160878.454,160.8785,264.1079,3786.3287,3.7492522795264347,8.239152147863294
DEU,Germany,2,202503,27,2025,3,8517,0,0,0,41.8091,41809112.0,139798.153,139.7982,299.0677,3343.7255,3.7331140191860577,8.11484088351467
DEU,Germany,2,202504,28,2025,4,8517,1,0,0,45.8855,45885540.0,132508.328,132.5083,346.2842,2887.8039,3.826149163018842,7.968251596045245
DEU,Germany,2,202505,29,2025,5,8517,1,0,0,40.3017,40301721.0,118877.944,118.8779,339.0176,2949.7005,3.696393651685762,7.989458918756082
DEU,Germany,2,202506,30,2025,6,8517,1,0,0,36.2383,36238298.0,183131.874,183.1319,197.8809,5053.5448,3.5901165705822202,8.527845216618392
DEU,Germany,2,202507,31,2025,7,8517,1,0,0,46.8657,46865736.0,146023.031,146.023,320.9476,3115.7762,3.847286064606691,8.044233581561446
DEU,Germany,2,202508,32,2025,8,8517,1,0,0,35.7757,35775651.0,114795.684,114.7957,311.6463,3208.7614,3.5772688919876363,8.073640284964391
DEU,Germany,2,202509,33,2025,9,8517,1,0,0,47.5069,47506864.0,165696.755,165.6968,286.7097,3487.8461,3.8608749636488193,8.157039661349014
DEU,Germany,2,202510,34,2025,10,8517,1,0,0,42.6007,42600693.0,134708.772,134.7088,316.2429,3162.1258,3.751870685065205,8.058999801924253
DEU,Germany,2,202511,35,2025,11,8517,1,0,0,44.4986,44498596.0,146534.412,146.5344,303.6734,3293.0117,3.79545772800314,8.099557835361246
DEU,Germany,2,202512,36,2025,12,8517,1,0,0,64.8794,64879364.0,255700.218,255.7002,253.7321,3941.1619,4.172530161922226,8.279230857295127
IND,India,3,202301,1,2023,1,8517,0,0,0,384.3063,384306346.0,753007.995,753.008,510.3616,1959.3954,5.95143989087905,7.58039123525034
IND,India,3,202302,2,2023,2,8517,0,0,0,204.571,204570979.0,439241.634,439.2416,465.7368,2147.1354,5.320915103491016,7.671889860631784
IND,India,3,202303,3,2023,3,8517,0,0,0,685.1826,685182594.0,903054.408,903.0544,758.739,1317.9763,6.529685372081996,7.183852733110187
IND,India,3,202304,4,2023,4,8517,0,0,0,367.4333,367433260.0,673656.825,673.6568,545.4309,1833.4126,5.906541805581751,7.513934317981424
IND,India,3,202305,5,2023,5,8517,0,0,0,548.5473,548547311.0,841768.331,841.7683,651.6607,1534.541,6.3072735111841185,7.335986592503763
IND,India,3,202306,6,2023,6,8517,0,0,0,600.6016,600601608.0,843878.447,843.8784,711.7158,1405.0553,6.3979318195483454,7.247831940423889
IND,India,3,202307,7,2023,7,8517,0,0,0,511.7004,511700435.0,898775.729,898.7757,569.3305,1756.4491,6.237739297518773,7.471049493204597
IND,India,3,202308,8,2023,8,8517,0,0,0,373.1324,373132416.0,810674.329,810.6743,460.2741,2172.6184,5.921933316446018,7.683688355079133
IND,India,3,202309,9,2023,9,8517,0,0,0,760.6259,760625878.0,1068141.382,1068.1414,712.1022,1404.2927,6.634141646978561,7.247289038641176
IND,India,3,202310,10,2023,10,8517,0,0,0,591.5246,591524628.0,1077844.158,1077.8442,548.8035,1822.146,6.3827032717336865,7.50777020633291
IND,India,3,202311,11,2023,11,8517,0,0,0,598.1726,598172561.0,873105.411,873.1054,685.1092,1459.6212,6.393879341067906,7.28593222898408
IND,India,3,202312,12,2023,12,8517,0,0,0,733.8434,733843367.0,1002926.513,1002.9265,731.702,1366.6765,6.598295654353209,7.220137159120356
IND,India,3,202401,13,2024,1,8517,0,0,0,780.9717,780971712.0,1209207.497,1209.2075,645.8542,1548.3372,6.660538913587771,7.344936859885645
IND,India,3,202402,14,2024,2,8517,0,0,0,953.3649,953364855.0,1563160.615,1563.1606,609.8956,1639.6247,6.859997726485714,7.402222653166627
IND,India,3,202403,15,2024,3,8517,0,0,0,833.6001,833600066.0,1011045.145,1011.0451,824.4934,1212.8659,6.725753790960708,7.100741350483142
IND,India,3,202404,16,2024,4,8517,0,0,0,851.9309,851930909.0,1112851.61,1112.8516,765.5386,1306.2698,6.747505420253881,7.174930873492978
IND,India,3,202405,17,2024,5,8517,0,0,0,829.6013,829601315.0,958389.304,958.3893,865.6204,1155.2408,6.720945223934341,7.052064086074433
IND,India,3,202406,18,2024,6,8517,0,0,0,785.1843,785184314.0,921883.729,921.8837,851.7173,1174.0985,6.665918467296649,7.068255898061038
IND,India,3,202407,19,2024,7,8517,0,0,0,661.6072,661607234.0,983187.954,983.188,672.9204,1486.0599,6.494672026358851,7.303883534021151
IND,India,3,202408,20,2024,8,8517,0,0,0,512.788,512788042.0,949822.463,949.8225,539.8778,1852.2712,6.2398625043966165,7.524167840770476
IND,India,3,202409,21,2024,9,8517,0,0,0,384.3254,384325386.0,596504.705,596.5047,644.2956,1552.0824,5.951489589583915,7.347352792117297
IND,India,3,202410,22,2024,10,8517,0,0,0,689.6332,689633215.0,1345638.695,1345.6387,512.4951,1951.2383,6.536159862042114,7.576219475655355
IND,India,3,202411,23,2024,11,8517,0,0,0,638.2566,638256595.0,1064060.706,1064.0607,599.831,1667.1362,6.458740396843686,7.4188625830725
IND,India,3,202412,24,2024,12,8517,0,0,0,1082.0497,1082049698.0,1409177.429,1409.1774,767.8591,1302.3223,6.98661239180808,7.171904334377692
IND,India,3,202501,25,2025,1,8517,0,0,0,1503.0171,1503017056.0,1906959.191,1906.9592,788.1747,1268.7542,7.315229766933763,7.145790753129446
IND,India,3,202502,26,2025,2,8517,0,0,0,1838.1193,1838119350.0,2236492.122,2236.4921,821.8761,1216.7285,7.516498208317392,7.103920978534846
IND,India,3,202503,27,2025,3,8517,0,0,0,2452.8648,2452864765.0,2950432.945,2950.4329,831.3576,1202.8518,7.805011926555272,7.092450516365968
IND,India,3,202504,28,2025,4,8517,1,0,0,1939.8092,1939809220.0,2517386.85,2517.3868,770.5646,1297.7497,7.570344896705181,7.16838704353798
IND,India,3,202505,29,2025,5,8517,1,0,0,2408.9601,2408960142.0,3375993.581,3375.9936,713.5559,1401.4319,7.78695043958854,7.245249778628696
IND,India,3,202506,30,2025,6,8517,1,0,0,2489.6355,2489635499.0,3783437.307,3783.4373,658.0354,1519.6752,7.819891593201175,7.326251906796072
IND,India,3,202507,31,2025,7,8517,1,0,0,1905.3664,1905366421.0,2688345.255,2688.3453,708.7506,1410.9335,7.552429605024618,7.2520068210469235
IND,India,3,202508,32,2025,8,8517,1,0,0,1128.6887,1128688707.0,1512015.146,1512.0151,746.4798,1339.6211,7.02881179539379,7.200142091766443
IND,India,3,202509,33,2025,9,8517,1,0,0,1002.493,1002493035.0,1455863.295,1455.8633,688.5901,1452.2429,6.9102451766127055,7.2808644678952925
IND,India,3,202510,34,2025,10,8517,1,0,0,2254.9246,2254924573.0,3152341.359,3152.3414,715.3174,1397.9808,7.7208718145706605,7.242784188793865
IND,India,3,202511,35,2025,11,8517,1,0,0,2705.0177,2705017719.0,3141115.966,3141.116,861.1646,1161.2183,7.9028637346972515,7.057224991585371
IND,India,3,202512,36,2025,12,8517,1,0,0,3388.3704,3388370373.0,4219511.663,4219.5117,803.0243,1245.2923,8.12810437683278,7.12712556045897
JPN,Japan,4,202301,1,2023,1,8517,0,0,0,63.2927,63292689.0,83393.445,83.3934,758.9648,1317.5839,4.147769998645163,7.183554959602376
JPN,Japan,4,202302,2,2023,2,8517,0,0,0,85.9925,85992468.0,345669.131,345.6691,248.771,4019.7591,4.45426008314823,8.298977254444335
JPN,Japan,4,202303,3,2023,3,8517,0,0,0,114.0563,114056344.0,453915.683,453.9157,251.2721,3979.7511,4.736692186135077,8.288974558634479
JPN,Japan,4,202304,4,2023,4,8517,0,0,0,41.226,41225995.0,149845.585,149.8456,275.1232,3634.735,3.719069125276994,8.198291484971739
JPN,Japan,4,202305,5,2023,5,8517,0,0,0,38.7688,38768756.0,130061.828,130.0618,298.0794,3354.8066,3.657615799436992,8.118149402438714
JPN,Japan,4,202306,6,2023,6,8517,0,0,0,51.5604,51560428.0,110921.348,110.9213,464.8377,2151.2895,3.9427539359927946,7.673822708774961
JPN,Japan,4,202307,7,2023,7,8517,0,0,0,38.3465,38346494.0,103905.579,103.9056,369.0513,2709.6496,3.646663258980856,7.904574606620935
JPN,Japan,4,202308,8,2023,8,8517,0,0,0,53.5029,53502948.0,105690.707,105.6907,506.2219,1975.4202,3.9797358580403666,7.588536414198802
JPN,Japan,4,202309,9,2023,9,8517,0,0,0,54.1377,54137717.0,122433.504,122.4335,442.1806,2261.5202,3.99153080083085,7.723792521002703
JPN,Japan,4,202310,10,2023,10,8517,0,0,0,52.7242,52724240.0,121746.367,121.7464,433.0662,2309.1174,3.9650745531819216,7.744620652583395
JPN,Japan,4,202311,11,2023,11,8517,0,0,0,45.0826,45082619.0,104565.421,104.5654,431.1427,2319.4186,3.8084963627524333,7.749071829805788
JPN,Japan,4,202312,12,2023,12,8517,0,0,0,46.0886,46088610.0,1428142.286,1428.1423,32.2717,30986.888,3.8305656309185054,10.341319426249262
JPN,Japan,4,202401,13,2024,1,8517,0,0,0,41.7501,41750125.0,78242.488,78.2425,533.5991,1874.0671,3.7317018465035767,7.53586626792043
JPN,Japan,4,202402,14,2024,2,8517,0,0,0,46.4578,46457823.0,111676.962,111.677,416.0019,2403.8366,3.838544373659752,7.784821323295113
JPN,Japan,4,202403,15,2024,3,8517,0,0,0,59.5322,59532200.0,140025.933,140.0259,425.1512,2352.1041,4.086517342638997,7.763065568243145
JPN,Japan,4,202404,16,2024,4,8517,0,0,0,41.2177,41217736.0,123489.162,123.4892,333.7761,2996.0226,3.718867775749303,8.005040887999847
JPN,Japan,4,202405,17,2024,5,8517,0,0,0,44.5772,44577240.0,122328.123,122.3281,364.4071,2744.1859,3.797222517550915,7.917239734364408
JPN,Japan,4,202406,18,2024,6,8517,0,0,0,35.8281,35828125.0,82473.187,82.4732,434.4215,2301.9135,3.5787325017221496,7.74149601255498
JPN,Japan,4,202407,19,2024,7,8517,0,0,0,67.3275,67327458.0,176128.583,176.1286,382.2631,2615.9977,4.209568771316817,7.8694008333718095
JPN,Japan,4,202408,20,2024,8,8517,0,0,0,38.6658,38665834.0,102894.773,102.8948,375.7804,2661.1314,3.654955488393959,7.886506649690896
JPN,Japan,4,202409,21,2024,9,8517,0,0,0,62.3014,62301448.0,120958.001,120.958,515.0668,1941.4973,4.13198389745103,7.5712147584934435
JPN,Japan,4,202410,22,2024,10,8517,0,0,0,59.0985,59098453.0,120661.298,120.6613,489.788,2041.6981,4.079205543379297,7.621537142544669
JPN,Japan,4,202411,23,2024,11,8517,0,0,0,45.7775,45777541.0,112217.936,112.2179,407.9343,2451.3776,3.823792704033732,7.80440543122968
JPN,Japan,4,202412,24,2024,12,8517,0,0,0,58.326,58326048.0,109848.118,109.8481,530.9699,1883.3474,4.066047963066987,7.540806004471032
JPN,Japan,4,202501,25,2025,1,8517,0,0,0,46.6937,46693748.0,97483.045,97.483,478.9935,2087.713,3.84360925193428,7.643824487447843
JPN,Japan,4,202502,26,2025,2,8517,0,0,0,50.5725,50572537.0,119184.146,119.1841,424.3227,2356.6987,3.9234079502947097,7.765017062775108
JPN,Japan,4,202503,27,2025,3,8517,0,0,0,55.5456,55545586.0,124028.242,124.0282,447.8463,2232.9085,4.017204305027734,7.711060274735494
JPN,Japan,4,202504,28,2025,4,8517,1,0,0,40.4084,40408368.0,93232.109,93.2321,433.4169,2307.2457,3.6990376841466515,7.743809754453409
JPN,Japan,4,202505,29,2025,5,8517,1,0,0,33.4954,33495447.0,100881.11,100.8811,332.0289,3011.79,3.5114081159698323,8.010289865373617
JPN,Japan,4,202506,30,2025,6,8517,1,0,0,48.5547,48554745.0,157489.64,157.4896,308.3044,3243.5509,3.8826909974668347,8.084423965454288
JPN,Japan,4,202507,31,2025,7,8517,1,0,0,62.2444,62244399.0,166930.412,166.9304,372.8763,2681.8543,4.13106857145883,7.894263737235461
JPN,Japan,4,202508,32,2025,8,8517,1,0,0,35.8103,35810251.0,102858.038,102.858,348.1522,2872.3032,3.578235561523421,7.962869495626526
JPN,Japan,4,202509,33,2025,9,8517,1,0,0,56.3414,56341355.0,158181.883,158.1819,356.1808,2807.5604,4.031429611269773,7.940071200183495
JPN,Japan,4,202510,34,2025,10,8517,1,0,0,37.502,37501987.0,106422.604,106.4226,352.3874,2837.7848,3.6243942648875267,7.950779026796975
JPN,Japan,4,202511,35,2025,11,8517,1,0,0,56.3854,56385351.0,209289.563,209.2896,269.4131,3711.7687,4.032210259744394,8.21926378054224
JPN,Japan,4,202512,36,2025,12,8517,1,0,0,74.4939,74493854.0,237164.975,237.165,314.1014,3183.6832,4.3107172428385985,8.065794044526633
KOR,South Korea,5,202301,1,2023,1,8517,0,0,0,161.2774,161277428.0,275001.782,275.0018,586.4596,1705.1477,5.083125863721312,7.441407013531649
KOR,South Korea,5,202302,2,2023,2,8517,0,0,0,101.6304,101630404.0,183972.462,183.9725,552.4218,1810.2109,4.621342702987644,7.501198636809037
KOR,South Korea,5,202303,3,2023,3,8517,0,0,0,111.3028,111302846.0,210030.206,210.0302,529.9373,1887.0164,4.712254415197766,7.542752236374769
KOR,South Korea,5,202304,4,2023,4,8517,0,0,0,158.5987,158598667.0,279756.154,279.7562,566.9175,1763.9246,5.066377112445843,7.475296491889024
KOR,South Korea,5,202305,5,2023,5,8517,0,0,0,127.8155,127815493.0,236673.142,236.6731,540.0507,1851.6779,4.850587817844301,7.523847479993879
KOR,South Korea,5,202306,6,2023,6,8517,0,0,0,97.9356,97935572.0,199449.925,199.4499,491.0284,2036.5416,4.584310119800422,7.619008354083371
KOR,South Korea,5,202307,7,2023,7,8517,0,0,0,129.4752,129475165.0,254000.114,254.0001,509.7445,1961.7665,4.863489357008511,7.581600621829864
KOR,South Korea,5,202308,8,2023,8,8517,0,0,0,79.2088,79208798.0,155205.927,155.2059,510.3465,1959.4531,4.372087403759109,7.580420682676033
KOR,South Korea,5,202309,9,2023,9,8517,0,0,0,207.4359,207435861.0,298472.144,298.4721,694.9924,1438.8645,5.334822376283831,7.271609539840865
KOR,South Korea,5,202310,10,2023,10,8517,0,0,0,155.7048,155704767.0,245742.221,245.7422,633.6102,1578.2572,5.047961906881142,7.364076479252219
KOR,South Korea,5,202311,11,2023,11,8517,0,0,0,119.98,119979978.0,210528.406,210.5284,569.8992,1754.6958,4.787325062224947,7.470050787542674
KOR,South Korea,5,202312,12,2023,12,8517,0,0,0,30.6552,30655232.0,128572.068,128.5721,238.4284,4194.1357,3.42280230541454,8.341442566684734
KOR,South Korea,5,202401,13,2024,1,8517,0,0,0,34.2858,34285757.0,133448.854,133.4489,256.9206,3892.2485,3.534731274283553,8.266742290188503
KOR,South Korea,5,202402,14,2024,2,8517,0,0,0,30.1906,30190579.0,105300.831,105.3008,286.7079,3487.8681,3.407530617651766,8.157045968946878
KOR,South Korea,5,202403,15,2024,3,8517,0,0,0,43.1773,43177315.0,158218.563,158.2186,272.8966,3664.3922,3.765314894183058,8.206417761550206
KOR,South Korea,5,202404,16,2024,4,8517,0,0,0,33.7728,33772828.0,126405.519,126.4055,267.1784,3742.8202,3.5196557447891568,8.227594670416156
KOR,South Korea,5,202405,17,2024,5,8517,0,0,0,31.6194,31619446.0,123745.373,123.7454,255.5202,3913.5902,3.4537708562692235,8.27221044140141
KOR,South Korea,5,202406,18,2024,6,8517,0,0,0,34.6368,34636776.0,132616.969,132.617,261.1791,3828.7881,3.5449167006741678,8.250303609125877
KOR,South Korea,5,202407,19,2024,7,8517,0,0,0,35.8207,35820703.0,149615.455,149.6155,239.4185,4176.7876,3.578525938596841,8.337297713312008
KOR,South Korea,5,202408,20,2024,8,8517,0,0,0,29.7916,29791571.0,140897.743,140.8977,211.4411,4729.4453,3.3942264745813207,8.461563201881722
KOR,South Korea,5,202409,21,2024,9,8517,0,0,0,37.8494,37849357.0,143444.646,143.4446,263.8604,3789.879,3.633615127710257,8.24008937144545
KOR,South Korea,5,202410,22,2024,10,8517,0,0,0,33.6888,33688767.0,93212.056,93.2121,361.4207,2766.8559,3.517165437906089,7.925466900367932
KOR,South Korea,5,202411,23,2024,11,8517,0,0,0,36.511,36511023.0,126179.536,126.1795,289.3577,3455.9321,3.597613585048684,8.1478474827402
KOR,South Korea,5,202412,24,2024,12,8517,0,0,0,27.7677,27767713.0,111673.208,111.6732,248.6515,4021.6946,3.323873474698185,8.299458635077634
KOR,South Korea,5,202501,25,2025,1,8517,0,0,0,38.65,38649984.0,138052.64,138.0526,279.9656,3571.8665,3.654546775033431,8.180843567277806
KOR,South Korea,5,202502,26,2025,2,8517,0,0,0,32.6133,32613282.0,105383.363,105.3834,309.4728,3231.3002,3.484720180633425,8.080639873919425
KOR,South Korea,5,202503,27,2025,3,8517,0,0,0,34.3261,34326062.0,114420.526,114.4205,299.9992,3333.3389,3.5359059977538085,8.111729753306678
KOR,South Korea,5,202504,28,2025,4,8517,1,0,0,49.3361,49336130.0,163059.777,163.0598,302.5647,3305.0804,3.8986560646046016,8.103216078767504
KOR,South Korea,5,202505,29,2025,5,8517,1,0,0,62.9721,62972055.0,241293.615,241.2936,260.9769,3831.7543,4.14269177115849,8.251078019081037
KOR,South Korea,5,202506,30,2025,6,8517,1,0,0,51.1541,51154075.0,233492.516,233.4925,219.0823,4564.4927,3.9348426455880197,8.42606265870492
KOR,South Korea,5,202507,31,2025,7,8517,1,0,0,37.5518,37551821.0,101453.48,101.4535,370.1383,2701.6942,3.625721313146466,7.901634336689712
KOR,South Korea,5,202508,32,2025,8,8517,1,0,0,39.9035,39903463.0,113766.35,113.7664,350.7493,2851.0369,3.6864640393469505,7.9554380316559925
KOR,South Korea,5,202509,33,2025,9,8517,1,0,0,30.2665,30266453.0,84350.782,84.3508,358.8165,2786.9355,3.410041490316047,7.932697884049448
KOR,South Korea,5,202510,34,2025,10,8517,1,0,0,30.3178,30317767.0,86998.396,86.9984,348.4865,2869.5485,3.411734998774858,7.961909979304867
KOR,South Korea,5,202511,35,2025,11,8517,1,0,0,35.8127,35812744.0,96314.699,96.3147,371.8305,2689.4007,3.578302579101598,7.8970736596708395
KOR,South Korea,5,202512,36,2025,12,8517,1,0,0,44.5992,44599214.0,110382.569,110.3826,404.0422,2474.9899,3.7977159216454135,7.813991594186383
MEX,Mexico,6,202301,1,2023,1,8517,0,0,0,875.8586,875858629.0,4444147.41,4444.1474,197.0814,5074.0467,6.775204662382389,8.531893943900869
MEX,Mexico,6,202302,2,2023,2,8517,0,0,0,835.4449,835444902.0,4889035.034,4889.035,170.8813,5852.0137,6.727964397326936,8.674541103217248
MEX,Mexico,6,202303,3,2023,3,8517,0,0,0,1025.0034,1025003372.0,5177378.457,5177.3785,197.9773,5051.0842,6.9324512086401775,8.527358192295454
MEX,Mexico,6,202304,4,2023,4,8517,0,0,0,893.0355,893035484.0,4622578.592,4622.5786,193.1899,5176.254,6.794626333725762,8.55183690761968
MEX,Mexico,6,202305,5,2023,5,8517,0,0,0,932.7729,932772861.0,4813085.257,4813.0853,193.7994,5159.9754,6.838161762858593,8.548687091022384
MEX,Mexico,6,202306,6,2023,6,8517,0,0,0,980.3527,980352674.0,5092855.191,5092.8552,192.4957,5194.9214,6.887912404876065,8.555436773486242
MEX,Mexico,6,202307,7,2023,7,8517,0,0,0,795.6415,795641481.0,3903294.458,3903.2945,203.8384,4905.8457,6.67914870750983,8.49818277303969
MEX,Mexico,6,202308,8,2023,8,8517,0,0,0,900.0744,900074404.0,4305380.431,4305.3804,209.058,4783.3606,6.802477426574277,8.472898632851843
MEX,Mexico,6,202309,9,2023,9,8517,0,0,0,768.1812,768181159.0,3554735.239,3554.7352,216.1008,4627.4697,6.644025642818797,8.439765496614221
MEX,Mexico,6,202310,10,2023,10,8517,0,0,0,829.5533,829553256.0,3419300.052,3419.3001,242.6091,4121.857,6.720887363141846,8.32405906895149
MEX,Mexico,6,202311,11,2023,11,8517,0,0,0,793.6319,793631875.0,3506023.607,3506.0236,226.3624,4417.6949,6.676619751735383,8.393373323197956
MEX,Mexico,6,202312,12,2023,12,8517,0,0,0,731.1646,731164631.0,3494636.45,3494.6364,209.2248,4779.5482,6.594638605401226,8.472101302189865
MEX,Mexico,6,202401,13,2024,1,8517,0,0,0,745.7864,745786420.0,3523656.246,3523.6562,211.6513,4724.7526,6.614439232126589,8.46057047876866
MEX,Mexico,6,202402,14,2024,2,8517,0,0,0,724.5579,724557928.0,3631420.052,3631.4201,199.5247,5011.9115,6.585561675751794,8.519572658238353
MEX,Mexico,6,202403,15,2024,3,8517,0,0,0,730.9533,730953322.0,3838492.332,3838.4923,190.4272,5251.351,6.5943495726201204,8.56624065581446
MEX,Mexico,6,202404,16,2024,4,8517,0,0,0,772.3909,772390940.0,3788224.932,3788.2249,203.8926,4904.5437,6.649490769024574,8.497917340149199
MEX,Mexico,6,202405,17,2024,5,8517,0,0,0,806.0526,806052620.0,4175651.58,4175.6516,193.0364,5180.3711,6.692149000923157,8.552631973614082
MEX,Mexico,6,202406,18,2024,6,8517,0,0,0,903.004,903003973.0,4129815.569,4129.8156,218.6548,4573.4189,6.805726983086022,8.428016322349274
MEX,Mexico,6,202407,19,2024,7,8517,0,0,0,941.6566,941656585.0,4554295.323,4554.2953,206.7623,4836.4715,6.847640664589804,8.483940704914245
MEX,Mexico,6,202408,20,2024,8,8517,0,0,0,1018.5656,1018565592.0,5078765.723,5078.7657,200.5538,4986.194,6.926150642036515,8.514428172271616
MEX,Mexico,6,202409,21,2024,9,8517,0,0,0,1075.3711,1075371071.0,5295054.289,5295.0543,203.0897,4923.9321,6.980421090293067,8.501862697607317
MEX,Mexico,6,202410,22,2024,10,8517,0,0,0,1020.006,1020006016.0,4908506.331,4908.5063,207.8037,4812.2328,6.927563788613957,8.47891645497671
MEX,Mexico,6,202411,23,2024,11,8517,0,0,0,897.6455,897645504.0,4568833.982,4568.834,196.4715,5089.7977,6.799775224214538,8.534993364157481
MEX,Mexico,6,202412,24,2024,12,8517,0,0,0,951.6496,951649553.0,4508606.436,4508.6064,211.074,4737.6749,6.858196899811107,8.463301766915027
MEX,Mexico,6,202501,25,2025,1,8517,0,0,0,940.1406,940140571.0,4344690.539,4344.6905,216.3884,4621.32,6.8460294385469895,8.438435657552946
MEX,Mexico,6,202502,26,2025,2,8517,0,0,0,955.3401,955340058.0,4808720.548,4808.7205,198.6682,5033.5169,6.862067402737491,8.52387420366856
MEX,Mexico,6,202503,27,2025,3,8517,0,0,0,1004.2377,1004237666.0,5135272.113,5135.2721,195.5569,5113.6022,6.911984025218157,8.53965936635709
MEX,Mexico,6,202504,28,2025,4,8517,1,0,0,911.9995,911999489.0,4733633.297,4733.6333,192.6637,5190.3902,6.8156394418285675,8.554564156378147
MEX,Mexico,6,202505,29,2025,5,8517,1,0,0,997.1344,997134442.0,5431118.877,5431.1189,183.5965,5446.727,6.90488556528978,8.602770156795916
MEX,Mexico,6,202506,30,2025,6,8517,1,0,0,1045.0019,1045001856.0,6641802.425,6641.8024,157.3371,6355.7802,6.951773982579077,8.757119945560856
MEX,Mexico,6,202507,31,2025,7,8517,1,0,0,1216.6615,1216661456.0,3593590.274,3593.5903,338.5643,2953.6484,7.1038659113240685,7.990796430956503
MEX,Mexico,6,202508,32,2025,8,8517,1,0,0,1093.2946,1093294647.0,3369686.776,3369.6868,324.4499,3082.1398,6.9969509852532665,8.033379375007064
MEX,Mexico,6,202509,33,2025,9,8517,1,0,0,1128.1028,1128102849.0,3473890.791,3473.8908,324.7376,3079.4098,7.028292562657258,8.032493234228891
MEX,Mexico,6,202510,34,2025,10,8517,1,0,0,1262.634,1262633997.0,3877823.448,3877.8234,325.6038,3071.2174,7.140955294131072,8.02982930920844
MEX,Mexico,6,202511,35,2025,11,8517,1,0,0,1106.2673,1106267275.0,3411769.625,3411.7696,324.2503,3084.0373,7.00874683461794,8.033994829292311
MEX,Mexico,6,202512,36,2025,12,8517,1,0,0,1524.7993,1524799293.0,4653705.148,4653.7051,327.6528,3052.0116,7.329618073823232,8.023556193183493
MYS,Malaysia,7,202301,1,2023,1,8517,0,0,0,287.4286,287428612.0,970105.012,970.105,296.2861,3375.1165,5.66097448156789,8.124185121229399
MYS,Malaysia,7,202302,2,2023,2,8517,0,0,0,318.4872,318487239.0,1151066.153,1151.0662,276.6889,3614.1677,5.763582285821598,8.192616872953291
MYS,Malaysia,7,202303,3,2023,3,8517,0,0,0,402.789,402788968.0,1147864.256,1147.8643,350.903,2849.7905,5.998412851633381,7.955000761788864
MYS,Malaysia,7,202304,4,2023,4,8517,0,0,0,275.211,275210998.0,927237.453,927.2375,296.8075,3369.1875,5.617538076190605,8.122426896354781
MYS,Malaysia,7,202305,5,2023,5,8517,0,0,0,323.4599,323459947.0,1215933.347,1215.9333,266.0178,3759.1471,5.779075149534347,8.231947375546584
MYS,Malaysia,7,202306,6,2023,6,8517,0,0,0,336.8815,336881455.0,882548.988,882.549,381.7142,2619.7609,5.819731236467839,7.870838333048752
MYS,Malaysia,7,202307,7,2023,7,8517,0,0,0,292.2808,292280788.0,738791.922,738.7919,395.6199,2527.6786,5.677714984020681,7.835056611108323
MYS,Malaysia,7,202308,8,2023,8,8517,0,0,0,317.06,317060020.0,941235.006,941.235,336.8553,2968.6337,5.759091030415082,7.995857092278759
MYS,Malaysia,7,202309,9,2023,9,8517,0,0,0,256.7033,256703334.0,695600.448,695.6004,369.0385,2709.7449,5.547920943267779,7.904609776601644
MYS,Malaysia,7,202310,10,2023,10,8517,0,0,0,243.5491,243549086.0,669273.259,669.2733,363.9008,2748.0014,5.495318564905958,7.918629162803537
MYS,Malaysia,7,202311,11,2023,11,8517,0,0,0,243.79,243790038.0,671938.672,671.9387,362.8159,2756.2192,5.496307198978706,7.921615164529546
MYS,Malaysia,7,202312,12,2023,12,8517,0,0,0,333.0219,333021888.0,914675.508,914.6755,364.0875,2746.5927,5.808208253583737,7.9181164042611485
MYS,Malaysia,7,202401,13,2024,1,8517,0,0,0,279.1231,279123115.0,711090.425,711.0904,392.5283,2547.5872,5.631652903151037,7.842901994147958
MYS,Malaysia,7,202402,14,2024,2,8517,0,0,0,284.8521,284852114.0,807780.75,807.7808,352.6354,2835.79,5.65197009820044,7.950075836955467
MYS,Malaysia,7,202403,15,2024,3,8517,0,0,0,341.9128,341912789.0,770821.133,770.8211,443.5696,2254.4378,5.834555733791801,7.720655908214636
MYS,Malaysia,7,202404,16,2024,4,8517,0,0,0,404.6355,404635499.0,787673.0,787.673,513.71,1946.6236,6.002986661863375,7.5738516636217685
MYS,Malaysia,7,202405,17,2024,5,8517,0,0,0,357.4277,357427731.0,866722.203,866.7222,412.3902,2424.8882,5.878933103919011,7.793540699216019
MYS,Malaysia,7,202406,18,2024,6,8517,0,0,0,364.0677,364067705.0,814760.885,814.7609,446.8399,2237.9378,5.897339839353918,7.713310095813618
MYS,Malaysia,7,202407,19,2024,7,8517,0,0,0,342.2963,342296331.0,724292.769,724.2928,472.5939,2115.9819,5.835676736246051,7.6572742390663695
MYS,Malaysia,7,202408,20,2024,8,8517,0,0,0,375.3623,375362263.0,1102246.401,1102.2464,340.543,2936.4867,5.927891692897318,7.984969145750887
MYS,Malaysia,7,202409,21,2024,9,8517,0,0,0,409.5985,409598496.0,1009159.6,1009.1596,405.8808,2463.7776,6.015177411609217,7.809451060839495
MYS,Malaysia,7,202410,22,2024,10,8517,0,0,0,506.2948,506294819.0,955964.335,955.9643,529.6168,1888.1575,6.227119108332562,7.5433567648362265
MYS,Malaysia,7,202411,23,2024,11,8517,0,0,0,427.2956,427295600.0,1128244.897,1128.2449,378.7259,2640.4318,6.057476045381891,7.878697743371845
MYS,Malaysia,7,202412,24,2024,12,8517,0,0,0,489.6676,489667607.0,1152640.251,1152.6403,424.8226,2353.9239,6.193726793562495,7.763838959345241
MYS,Malaysia,7,202501,25,2025,1,8517,0,0,0,530.744,530743993.0,1125832.562,1125.8326,471.4236,2121.2346,6.274279795762047,7.659753556651723
MYS,Malaysia,7,202502,26,2025,2,8517,0,0,0,428.8292,428829202.0,1027781.017,1027.781,417.2379,2396.7142,6.061058704453021,7.781853994951839
MYS,Malaysia,7,202503,27,2025,3,8517,0,0,0,617.4893,617489317.0,1267695.947,1267.6959,487.0958,2052.9845,6.425661740416779,7.627049867063497
MYS,Malaysia,7,202504,28,2025,4,8517,1,0,0,608.8253,608825310.0,976995.988,976.996,623.1605,1604.723,6.411531362845631,7.380706434999714
MYS,Malaysia,7,202505,29,2025,5,8517,1,0,0,574.3966,574396581.0,1254263.145,1254.2631,457.9554,2183.6187,6.35332009849644,7.688738733710464
MYS,Malaysia,7,202506,30,2025,6,8517,1,0,0,645.6839,645683857.0,11914317.612,11914.3176,54.1939,18452.2451,6.4703100651416,9.822941327702432
MYS,Malaysia,7,202507,31,2025,7,8517,1,0,0,703.1262,703126184.0,1923039.549,1923.0395,365.6327,2734.9849,6.555536392057995,7.913881193817074
MYS,Malaysia,7,202508,32,2025,8,8517,1,0,0,500.522,500521990.0,1438463.425,1438.4634,347.956,2873.9265,6.215651553833193,7.963434492199212
MYS,Malaysia,7,202509,33,2025,9,8517,1,0,0,572.4201,572420096.0,1649157.179,1649.1572,347.0986,2881.026,6.349873162369751,7.965901759688028
MYS,Malaysia,7,202510,34,2025,10,8517,1,0,0,606.9896,606989648.0,1748852.153,1748.8522,347.0789,2881.1896,6.408511657469556,7.965958543401585
MYS,Malaysia,7,202511,35,2025,11,8517,1,0,0,565.8647,565864706.0,1648161.089,1648.1611,343.3309,2912.6416,6.338355003690753,7.9768157147178895
MYS,Malaysia,7,202512,36,2025,12,8517,1,0,0,717.0307,717030696.0,2079211.942,2079.2119,344.857,2899.753,6.575118656977268,7.972380839933396
PHL,Philippines,8,202301,1,2023,1,8517,0,0,0,59.3172,59317210.0,343716.387,343.7164,172.576,5794.5484,4.082899314537359,8.664672823487857
PHL,Philippines,8,202302,2,2023,2,8517,0,0,0,55.6091,55609071.0,310331.817,310.3318,179.1923,5580.5941,4.018346856928964,8.627050519241928
PHL,Philippines,8,202303,3,2023,3,8517,0,0,0,81.2121,81212132.0,489332.655,489.3327,165.9651,6025.3664,4.397064250844358,8.703733569787811
PHL,Philippines,8,202304,4,2023,4,8517,0,0,0,62.4167,62416680.0,347709.985,347.71,179.5079,5570.7845,4.13383286777447,8.625291166809877
PHL,Philippines,8,202305,5,2023,5,8517,0,0,0,66.6794,66679364.0,397754.536,397.7545,167.6395,5965.1787,4.199896059641749,8.693694292172134
PHL,Philippines,8,202306,6,2023,6,8517,0,0,0,67.561,67561027.0,353850.366,353.8504,190.9311,5237.4945,4.213030893487842,8.56359851411051
PHL,Philippines,8,202307,7,2023,7,8517,0,0,0,62.7306,62730637.0,300993.008,300.993,208.4123,4798.1847,4.13884936686444,8.475992937865055
PHL,Philippines,8,202308,8,2023,8,8517,0,0,0,52.817,52817010.0,260480.846,260.4808,202.7673,4931.7615,3.9668331085880655,8.503451505450732
PHL,Philippines,8,202309,9,2023,9,8517,0,0,0,51.5624,51562374.0,283498.572,283.4986,181.8788,5498.1648,3.9427927246990797,8.612169642812159
PHL,Philippines,8,202310,10,2023,10,8517,0,0,0,77.235,77235002.0,381262.291,381.2623,202.5771,4936.3927,4.346852722166214,8.504390120767466
PHL,Philippines,8,202311,11,2023,11,8517,0,0,0,80.8066,80806624.0,406061.638,406.0616,199.0009,5025.1049,4.392058645359478,8.522201608331274
PHL,Philippines,8,202312,12,2023,12,8517,0,0,0,51.212,51212016.0,347378.155,347.3782,147.4244,6783.1398,3.9359738795839325,8.822195371083092
PHL,Philippines,8,202401,13,2024,1,8517,0,0,0,50.325,50324954.0,267755.099,267.7551,187.9514,5320.5186,3.9185019715258553,8.579326058787714
PHL,Philippines,8,202402,14,2024,2,8517,0,0,0,42.6086,42608577.0,219636.972,219.637,193.9955,5154.7568,3.752056110834989,8.547675217840592
PHL,Philippines,8,202403,15,2024,3,8517,0,0,0,78.1484,78148351.0,381833.653,381.8337,204.666,4886.0073,4.358609583209405,8.494130745881245
PHL,Philippines,8,202404,16,2024,4,8517,0,0,0,65.5585,65558521.0,263261.424,263.2614,249.0244,4015.6719,4.182942873809123,8.297959959826914
PHL,Philippines,8,202405,17,2024,5,8517,0,0,0,33.9274,33927426.0,132140.264,132.1403,256.7531,3894.7949,3.524222947507546,8.267396299665519
PHL,Philippines,8,202406,18,2024,6,8517,0,0,0,60.9534,60953441.0,279819.958,279.82,217.8309,4590.7194,4.110109637800483,8.431792022799554
PHL,Philippines,8,202407,19,2024,7,8517,0,0,0,58.9865,58986463.0,405238.109,405.2381,145.56,6870.0145,4.077308604164581,8.834921495840078
PHL,Philippines,8,202408,20,2024,8,8517,0,0,0,59.5591,59559127.0,328366.282,328.3663,181.3802,5513.2848,4.086969096889013,8.614915876968771
PHL,Philippines,8,202409,21,2024,9,8517,0,0,0,70.5386,70538642.0,375992.032,375.992,187.6067,5330.3019,4.256160077715575,8.581163157206845
PHL,Philippines,8,202410,22,2024,10,8517,0,0,0,47.2749,47274925.0,246266.35,246.2664,191.9666,5209.2411,3.855979499259365,8.558189461949546
PHL,Philippines,8,202411,23,2024,11,8517,0,0,0,72.3138,72313823.0,359822.128,359.8221,200.971,4975.8432,4.281014982320391,8.512350122668506
PHL,Philippines,8,202412,24,2024,12,8517,0,0,0,63.4062,63406208.0,251206.379,251.2064,252.4068,3961.8583,4.149561648459981,8.28446846185365
PHL,Philippines,8,202501,25,2025,1,8517,0,0,0,35.7842,35784206.0,184689.501,184.6895,193.7533,5161.2025,3.577506455205024,8.54892487396105
PHL,Philippines,8,202502,26,2025,2,8517,0,0,0,44.1574,44157352.0,271936.149,271.9361,162.3813,6158.337,3.7877605234239384,8.725562052547303
PHL,Philippines,8,202503,27,2025,3,8517,0,0,0,66.6653,66665274.0,302497.122,302.4971,220.3832,4537.5498,4.1996845776697995,8.42014245371949
PHL,Philippines,8,202504,28,2025,4,8517,1,0,0,69.7397,69739678.0,368808.688,368.8087,189.0945,5288.3607,4.244769739546254,8.573263590249129
PHL,Philippines,8,202505,29,2025,5,8517,1,0,0,96.7042,96704170.0,306802.65,306.8027,315.1999,3172.5887,4.571656834814912,8.06230315822055
PHL,Philippines,8,202506,30,2025,6,8517,1,0,0,111.1283,111128313.0,640262.436,640.2624,173.5668,5761.4706,4.710685389681107,8.658948033603247
PHL,Philippines,8,202507,31,2025,7,8517,1,0,0,86.9725,86972507.0,240688.631,240.6886,361.3486,2767.4107,4.465591976732969,7.925667396672848
PHL,Philippines,8,202508,32,2025,8,8517,1,0,0,81.0984,81098412.0,234512.099,234.5121,345.8176,2891.6982,4.395663232196791,7.969599220986628
PHL,Philippines,8,202509,33,2025,9,8517,1,0,0,81.5874,81587397.0,236325.616,236.3256,345.233,2896.5945,4.401674838282632,7.9712910155870755
PHL,Philippines,8,202510,34,2025,10,8517,1,0,0,62.6875,62687455.0,182438.964,182.439,343.6078,2910.2925,4.138162065722154,7.976008870578115
PHL,Philippines,8,202511,35,2025,11,8517,1,0,0,91.1262,91126194.0,262007.301,262.0073,347.8002,2875.2137,4.512245358966395,7.963882280903864
PHL,Philippines,8,202512,36,2025,12,8517,1,0,0,91.1347,91134652.0,260635.629,260.6356,349.6631,2859.8945,4.512338631851651,7.958540015021627
THA,Thailand,9,202301,1,2023,1,8517,0,0,0,480.1795,480179493.0,1311901.073,1311.9011,366.0181,2732.1055,6.17415999233028,7.91282783634333
THA,Thailand,9,202302,2,2023,2,8517,0,0,0,347.7057,347705704.0,1273194.157,1273.1942,273.0972,3661.7006,5.851356432322068,8.205682963290183
THA,Thailand,9,202303,3,2023,3,8517,0,0,0,474.1313,474131270.0,1369440.062,1369.4401,346.2227,2888.314,6.161484287555901,7.968428219864272
THA,Thailand,9,202304,4,2023,4,8517,0,0,0,503.0996,503099650.0,978727.094,978.7271,514.0347,1945.3943,6.220788162426394,7.573219960442356
THA,Thailand,9,202305,5,2023,5,8517,0,0,0,394.6745,394674521.0,780009.966,780.01,505.9865,1976.3374,5.978061374551846,7.589000612719718
THA,Thailand,9,202306,6,2023,6,8517,0,0,0,543.3541,543354144.0,989848.694,989.8487,548.9265,1821.7378,6.297761225261196,7.50754615967055
THA,Thailand,9,202307,7,2023,7,8517,0,0,0,451.9683,451968289.0,753424.787,753.4248,599.8851,1666.9859,6.113612044629453,7.418772424406684
THA,Thailand,9,202308,8,2023,8,8517,0,0,0,487.44,487440049.0,907290.009,907.29,537.2483,1861.3368,6.1891672059402385,7.529050218236548
THA,Thailand,9,202309,9,2023,9,8517,0,0,0,525.8177,525817736.0,1125258.205,1125.2582,467.2863,2140.0158,6.264954574718925,7.668568491166212
THA,Thailand,9,202310,10,2023,10,8517,0,0,0,643.4449,643444944.0,897000.283,897.0003,717.3297,1394.0592,6.466836397884484,7.239975058137536
THA,Thailand,9,202311,11,2023,11,8517,0,0,0,596.0221,596022056.0,959373.595,959.3736,621.2617,1609.6276,6.390277746914796,7.383758126875706
THA,Thailand,9,202312,12,2023,12,8517,0,0,0,623.3614,623361445.0,832344.284,832.3443,748.9226,1335.2516,6.4351264469048175,7.196875017496638
THA,Thailand,9,202401,13,2024,1,8517,0,0,0,586.0803,586080305.0,674004.11,674.0041,869.55,1150.0201,6.373456810905885,7.047534699465422
THA,Thailand,9,202402,14,2024,2,8517,0,0,0,447.9862,447986162.0,1009058.855,1009.0589,443.9644,2252.4329,6.104762428369117,7.7197661999155915
THA,Thailand,9,202403,15,2024,3,8517,0,0,0,605.0733,605073301.0,1069307.607,1069.3076,565.8552,1767.2365,6.405349607716715,7.47717230603476
THA,Thailand,9,202404,16,2024,4,8517,0,0,0,652.128,652127982.0,866560.758,866.5608,752.5473,1328.82,6.480240861677001,7.192046609359809
THA,Thailand,9,202405,17,2024,5,8517,0,0,0,666.0922,666092186.0,1049009.127,1049.0091,634.9727,1574.8708,6.501428099397112,7.361928516148914
THA,Thailand,9,202406,18,2024,6,8517,0,0,0,793.5766,793576567.0,1191457.82,1191.4578,666.0551,1501.3772,6.676550069648849,7.314138099197034
THA,Thailand,9,202407,19,2024,7,8517,0,0,0,871.2507,871250662.0,1259633.08,1259.6331,691.6702,1445.7757,6.769929765517739,7.276401273121038
THA,Thailand,9,202408,20,2024,8,8517,0,0,0,685.9839,685983897.0,1456614.97,1456.615,470.9439,2123.3953,6.53085415806272,7.660771643145734
THA,Thailand,9,202409,21,2024,9,8517,0,0,0,866.4395,866439508.0,1545389.032,1545.389,560.6611,1783.6087,6.764392285598607,7.486393950516711
THA,Thailand,9,202410,22,2024,10,8517,0,0,0,1017.0796,1017079625.0,1367264.779,1367.2648,743.8791,1344.3046,6.924690662405531,7.203632132309593
THA,Thailand,9,202411,23,2024,11,8517,0,0,0,674.8247,674824725.0,1446728.988,1446.729,466.4486,2143.859,6.51445295343998,7.670362755102712
THA,Thailand,9,202412,24,2024,12,8517,0,0,0,910.602,910602019.0,1355571.283,1355.5713,671.7478,1488.654,6.814105919252322,7.305627634963147
THA,Thailand,9,202501,25,2025,1,8517,0,0,0,1022.5792,1022579249.0,1311590.967,1311.591,779.648,1282.6302,6.930083342130016,7.156668092359907
THA,Thailand,9,202502,26,2025,2,8517,0,0,0,747.8444,747844418.0,1335848.352,1335.8484,559.8273,1786.2651,6.617194934944653,7.487882182672307
THA,Thailand,9,202503,27,2025,3,8517,0,0,0,1301.8129,1301812860.0,1657676.786,1657.6768,785.3237,1273.3602,7.171513110445465,7.14941451218636
THA,Thailand,9,202504,28,2025,4,8517,1,0,0,1313.5481,1313548055.0,1976703.064,1976.7031,664.5146,1504.8578,7.180487228173419,7.316453687669148
THA,Thailand,9,202505,29,2025,5,8517,1,0,0,1445.1889,1445188858.0,1994637.19,1994.6372,724.5372,1380.1913,7.275995318646149,7.2299773917323495
THA,Thailand,9,202506,30,2025,6,8517,1,0,0,1537.0286,1537028568.0,3434031.783,3434.0318,447.5872,2234.2016,7.337606351042768,7.711639217276497
THA,Thailand,9,202507,31,2025,7,8517,1,0,0,1759.13,1759129986.0,4759371.526,4759.3715,369.6139,2705.5258,7.47257464763487,7.903051553167427
THA,Thailand,9,202508,32,2025,8,8517,1,0,0,1412.5695,1412569492.0,4057187.614,4057.1876,348.1647,2872.2039,7.2531656653499645,7.9628349234697575
THA,Thailand,9,202509,33,2025,9,8517,1,0,0,1753.3213,1753321339.0,5008008.347,5008.0083,350.1035,2856.2981,7.469267153922224,7.957281694763301
THA,Thailand,9,202510,34,2025,10,8517,1,0,0,2158.4744,2158474393.0,6161331.832,6161.3318,350.3259,2854.4846,7.6771569548371765,7.956646580399394
THA,Thailand,9,202511,35,2025,11,8517,1,0,0,1859.3714,1859371412.0,5314237.462,5314.2375,349.8849,2858.0828,7.527993752597666,7.95790632937876
THA,Thailand,9,202512,36,2025,12,8517,1,0,0,2242.8995,2242899515.0,6398395.466,6398.3955,350.5409,2852.7339,7.7155247274530785,7.9560330766217096
TWN,Taiwan,10,202301,1,2023,1,8517,0,0,0,562.7168,562716787.0,2912554.157,2912.5542,193.2039,5175.8792,6.332776482044732,8.551764497423074
TWN,Taiwan,10,202302,2,2023,2,8517,0,0,0,555.7228,555722797.0,3142011.874,3142.0119,176.8685,5653.9193,6.320269608776569,8.64010426507067
TWN,Taiwan,10,202303,3,2023,3,8517,0,0,0,581.1647,581164715.0,3194265.388,3194.2654,181.94,5496.3169,6.365034193444164,8.611833492356354
TWN,Taiwan,10,202304,4,2023,4,8517,0,0,0,565.1631,565163060.0,2750801.02,2750.801,205.454,4867.2693,6.337114362054904,8.490288340129293
TWN,Taiwan,10,202305,5,2023,5,8517,0,0,0,617.0894,617089369.0,3157464.783,3157.4648,195.4382,5116.7056,6.425013908060711,8.540266073438806
TWN,Taiwan,10,202306,6,2023,6,8517,0,0,0,594.5336,594533577.0,2937891.075,2937.8911,202.3675,4941.5055,6.387777232616172,8.50542532083798
TWN,Taiwan,10,202307,7,2023,7,8517,0,0,0,539.0525,539052539.0,2478093.113,2478.0931,217.5272,4597.1276,6.289812968763075,8.433186952653982
TWN,Taiwan,10,202308,8,2023,8,8517,0,0,0,781.2378,781237780.0,3782697.206,3782.6972,206.5293,4841.928,6.66087958492868,8.48506826749897
TWN,Taiwan,10,202309,9,2023,9,8517,0,0,0,641.4834,641483362.0,2833800.545,2833.8005,226.3686,4417.5742,6.4637833068697494,8.393346000883573
TWN,Taiwan,10,202310,10,2023,10,8517,0,0,0,701.3087,701308748.0,3158161.003,3158.161,222.0624,4503.2394,6.552948160998499,8.412552283445349
TWN,Taiwan,10,202311,11,2023,11,8517,0,0,0,665.2792,665279181.0,2885646.057,2885.6461,230.5477,4337.4963,6.500206802167723,8.375052571228814
TWN,Taiwan,10,202312,12,2023,12,8517,0,0,0,828.1906,828190639.0,3701461.039,3701.461,223.747,4469.3348,6.719243321131577,8.404994862215991
TWN,Taiwan,10,202401,13,2024,1,8517,0,0,0,633.666,633665958.0,2536292.425,2536.2924,249.8395,4002.5698,6.451522001741912,8.294691883819372
TWN,Taiwan,10,202402,14,2024,2,8517,0,0,0,584.1758,584175797.0,2460351.434,2460.3514,237.4359,4211.6627,6.3702019649258315,8.345612789325486
TWN,Taiwan,10,202403,15,2024,3,8517,0,0,0,591.7511,591751061.0,2306051.745,2306.0517,256.6079,3896.9961,6.383086107285479,8.267961304568386
TWN,Taiwan,10,202404,16,2024,4,8517,0,0,0,541.1669,541166864.0,2003789.581,2003.7896,270.0717,3702.7201,6.293727734041929,8.216822990695146
TWN,Taiwan,10,202405,17,2024,5,8517,0,0,0,510.0761,510076125.0,2146189.35,2146.1894,237.6659,4207.5866,6.234559930273093,8.344644508146672
TWN,Taiwan,10,202406,18,2024,6,8517,0,0,0,575.1882,575188215.0,2272512.956,2272.513,253.1067,3950.9033,6.354697291592793,8.281699515295376
TWN,Taiwan,10,202407,19,2024,7,8517,0,0,0,643.2305,643230459.0,2396903.772,2396.9038,268.3589,3726.3528,6.466503135894733,8.223185232669437
TWN,Taiwan,10,202408,20,2024,8,8517,0,0,0,639.903,639903049.0,2471504.097,2471.5041,258.9124,3862.3105,6.461316602366961,8.259020858513773
TWN,Taiwan,10,202409,21,2024,9,8517,0,0,0,581.8994,581899430.0,2546202.397,2546.2024,228.5362,4375.6746,6.366297580557092,8.383815981190713
TWN,Taiwan,10,202410,22,2024,10,8517,0,0,0,621.7986,621798611.0,1838139.747,1838.1397,338.276,2956.1658,6.432616246094296,7.9916483698050245
TWN,Taiwan,10,202411,23,2024,11,8517,0,0,0,632.0258,632025788.0,2178192.109,2178.1921,290.1607,3446.3658,6.44893021609844,8.145075563514503
TWN,Taiwan,10,202412,24,2024,12,8517,0,0,0,729.2366,729236647.0,2294015.04,2294.015,317.8866,3145.7761,6.591998233536155,8.053815911346186
TWN,Taiwan,10,202501,25,2025,1,8517,0,0,0,606.5162,606516246.0,1932579.015,1932.579,313.8377,3186.3601,6.407731438662172,8.066634509820668
TWN,Taiwan,10,202502,26,2025,2,8517,0,0,0,514.4987,514498655.0,1966049.756,1966.0498,261.6916,3821.292,6.243193028545936,8.248343864312453
TWN,Taiwan,10,202503,27,2025,3,8517,0,0,0,620.3748,620374789.0,2095497.655,2095.4977,296.0513,3377.793,6.430323811521899,8.124977816626886
TWN,Taiwan,10,202504,28,2025,4,8517,1,0,0,660.347,660346968.0,2165693.808,2165.6938,304.9124,3279.63,6.492765454434139,8.095485890137192
TWN,Taiwan,10,202505,29,2025,5,8517,1,0,0,670.0228,670022781.0,2168109.634,2168.1096,309.0355,3235.8744,6.507311741656756,8.082054464075311
TWN,Taiwan,10,202506,30,2025,6,8517,1,0,0,826.6611,826661132.0,3204382.087,3204.3821,257.9783,3876.2948,6.717394816597277,8.262635027909948
TWN,Taiwan,10,202507,31,2025,7,8517,1,0,0,677.9871,677987102.0,1862025.582,1862.0256,364.1127,2746.4027,6.519128261210716,7.918047225248155
TWN,Taiwan,10,202508,32,2025,8,8517,1,0,0,735.1515,735151522.0,2121160.991,2121.161,346.5798,2885.3386,6.600076600421503,7.967397537739962
TWN,Taiwan,10,202509,33,2025,9,8517,1,0,0,778.0613,778061328.0,2247689.203,2247.6892,346.1605,2888.8331,6.656805312848261,7.968607927942468
TWN,Taiwan,10,202510,34,2025,10,8517,1,0,0,693.6857,693685722.0,2004818.346,2004.8183,346.0093,2890.0961,6.542018976080469,7.969045033148778
TWN,Taiwan,10,202511,35,2025,11,8517,1,0,0,696.7156,696715569.0,2007867.979,2007.868,346.9927,2881.9047,6.546377293058537,7.966206708698366
TWN,Taiwan,10,202512,36,2025,12,8517,1,0,0,805.4873,805487267.0,2322710.334,2322.7103,346.7877,2883.6089,6.691447435888142,7.966797878945414
VNM,Vietnam,11,202301,1,2023,1,8517,0,1,0,1828.4991,1828499118.0,7661539.883,7661.5399,238.6595,4190.0704,7.511250745382588,8.340472814684341
VNM,Vietnam,11,202302,2,2023,2,8517,0,1,0,1755.8632,1755863169.0,4957062.164,4957.0622,354.2145,2823.1483,7.470715866832344,7.9456079596402525
VNM,Vietnam,11,202303,3,2023,3,8517,0,1,0,1502.0146,1502014627.0,5317527.998,5317.528,282.4648,3540.2639,7.314562552649674,8.171956551371853
VNM,Vietnam,11,202304,4,2023,4,8517,0,1,0,1701.333,1701332965.0,4927024.501,4927.0245,345.3064,2895.9789,7.439167340431732,7.971078467567462
VNM,Vietnam,11,202305,5,2023,5,8517,0,1,0,1374.7838,1374783771.0,5043332.01,5043.332,272.5943,3668.4546,7.226051761374102,8.207525762447103
VNM,Vietnam,11,202306,6,2023,6,8517,0,1,0,1255.1375,1255137532.0,3869066.986,3869.067,324.4032,3082.5842,7.135000407317422,8.033523550156112
VNM,Vietnam,11,202307,7,2023,7,8517,0,1,0,1616.5607,1616560716.0,4191231.106,4191.2311,385.7007,2592.684,7.388056146723408,7.860448911548506
VNM,Vietnam,11,202308,8,2023,8,8517,0,1,0,1521.3783,1521378298.0,4195349.412,4195.3494,362.6345,2757.5978,7.327371979282829,7.922115217407153
VNM,Vietnam,11,202309,9,2023,9,8517,0,1,0,1897.8311,1897831150.0,4985157.918,4985.1579,380.6963,2626.7658,7.548466986801318,7.873508634588388
VNM,Vietnam,11,202310,10,2023,10,8517,0,1,0,1703.0818,1703081798.0,5085129.725,5085.1297,334.9141,2985.84,7.440194712392294,8.001636393274346
VNM,Vietnam,11,202311,11,2023,11,8517,0,1,0,1711.446,1711445998.0,5160623.556,5160.6236,331.6355,3015.3587,7.445093906201673,8.01147407389233
VNM,Vietnam,11,202312,12,2023,12,8517,0,1,0,1289.6742,1289674175.0,4493443.583,4493.4436,287.0124,3484.1696,7.162144907318005,8.155985016466106
VNM,Vietnam,11,202401,13,2024,1,8517,0,1,0,964.251,964250993.0,3101731.902,3101.7319,310.875,3216.7267,6.871351634163247,8.076119568703202
VNM,Vietnam,11,202402,14,2024,2,8517,0,1,0,771.6082,771608233.0,2938176.88,2938.1769,262.6146,3807.8611,6.648476908243119,8.24482291940566
VNM,Vietnam,11,202403,15,2024,3,8517,0,1,0,882.7791,882779128.0,3399899.481,3399.8995,259.6486,3851.3593,6.783074999430832,8.256181429904137
VNM,Vietnam,11,202404,16,2024,4,8517,0,1,0,1072.4967,1072496691.0,4174918.572,4174.9186,256.8904,3892.7099,6.977744573874361,8.266860826467525
VNM,Vietnam,11,202405,17,2024,5,8517,0,1,0,1091.1736,1091173567.0,4506470.888,4506.4709,242.1348,4129.9303,6.995009093248142,8.326015809299351
VNM,Vietnam,11,202406,18,2024,6,8517,0,1,0,1329.217,1329217002.0,4841808.142,4841.8081,274.5291,3642.6017,7.192345326046561,8.200453458063945
VNM,Vietnam,11,202407,19,2024,7,8517,0,1,0,1080.6553,1080655325.0,4578019.805,4578.0198,236.053,4236.3368,6.985322895373552,8.351454212531353
VNM,Vietnam,11,202408,20,2024,8,8517,0,1,0,1165.8331,1165833114.0,4768957.144,4768.9571,244.4629,4090.6002,7.061191217728547,8.316446986436647
VNM,Vietnam,11,202409,21,2024,9,8517,0,1,0,1816.2763,1816276291.0,5897136.407,5897.1364,307.9929,3246.8278,7.504543695165062,8.085433737127067
VNM,Vietnam,11,202410,22,2024,10,8517,0,1,0,1614.868,1614867967.0,6180475.761,6180.4758,261.2854,3827.2328,7.387008498570242,8.249897314513648
VNM,Vietnam,11,202411,23,2024,11,8517,0,1,0,1600.9716,1600971620.0,6572670.474,6572.6705,243.5801,4105.426,7.378365973926199,8.320064792385253
VNM,Vietnam,11,202412,24,2024,12,8517,0,1,0,1237.9497,1237949696.0,4707915.376,4707.9154,262.9507,3802.9941,7.121211822370653,8.243543956520272
VNM,Vietnam,11,202501,25,2025,1,8517,0,1,0,1718.2613,1718261253.0,5334896.168,5334.8962,322.0796,3104.8224,7.449068186438696,8.040711794664075
VNM,Vietnam,11,202502,26,2025,2,8517,0,1,0,1892.2783,1892278255.0,6078028.333,6078.0283,311.3309,3212.0161,7.545536831817961,8.07465408750739
VNM,Vietnam,11,202503,27,2025,3,8517,0,1,0,2157.8774,2157877387.0,7003968.542,7003.9685,308.0935,3245.7676,7.676880332341389,8.085107149701207
VNM,Vietnam,11,202504,28,2025,4,8517,1,1,1,2339.8768,2339876797.0,8340891.922,8340.8919,280.5308,3564.6714,7.7578535573930605,8.178827154687077
VNM,Vietnam,11,202505,29,2025,5,8517,1,1,1,2352.1639,2352163853.0,8500832.695,8500.8327,276.6981,3614.0478,7.763090991964754,8.19258369740671
VNM,Vietnam,11,202506,30,2025,6,8517,1,1,1,2284.0229,2284022883.0,12298232.806,12298.2328,185.7196,5384.4613,7.73369359699534,8.591272547446236
VNM,Vietnam,11,202507,31,2025,7,8517,1,1,1,2688.2744,2688274401.0,6565997.278,6565.9973,409.4236,2442.458,7.896654779766225,7.800760188272676
VNM,Vietnam,11,202508,32,2025,8,8517,1,1,1,2379.4905,2379490507.0,5682462.733,5682.4627,418.7428,2388.1006,7.77464166811781,7.778253600928346
VNM,Vietnam,11,202509,33,2025,9,8517,1,1,1,2715.1912,2715191172.0,6939571.938,6939.5719,391.2621,2555.8318,7.906617653461156,7.846133007385327
VNM,Vietnam,11,202510,34,2025,10,8517,1,1,1,3761.3923,3761392270.0,10004471.704,10004.4717,375.9711,2659.7789,8.232544460395763,7.885998278020309
VNM,Vietnam,11,202511,35,2025,11,8517,1,1,1,3248.7107,3248710683.0,8820607.98,8820.608,368.3092,2715.1103,8.086013488922163,7.906587857693829
VNM,Vietnam,11,202512,36,2025,12,8517,1,1,1,3618.8768,3618876842.0,9854332.676,9854.3327,367.2371,2723.0362,8.19391898043109,7.909502786746245
