partner_iso,period,val_phones_m,val_phones_usd,mass_phones_kg,val_parts_m,val_parts_usd,mass_parts_kg,partner_id,period_id,post,treated,treat_post,log_parts_to_phones,parts_share
CHN,202301,5105.9709,5105970889.0,5686230.016,118.92,118920014.0,0.0,1,1,0,0,0,-3.7597149004778534,0.022760283855879172
CHN,202302,2540.8568,2540856797.0,2829608.021,93.0329,93032937.0,0.0,1,2,0,0,0,-3.307303431932088,0.035321486697032146
CHN,202303,2444.6137,2444613720.0,2722427.568,96.035,96034990.0,0.0,1,3,0,0,0,-3.236929685159468,0.03779940138910193
CHN,202304,2865.5261,2865526074.0,3191173.77,88.3299,88329900.0,0.0,1,4,0,0,0,-3.479428573670157,0.029903251884993712
CHN,202305,2819.9069,2819906920.0,3140370.307,102.0838,102083809.0,0.0,1,5,0,0,0,-3.3186651045938325,0.03493638771677131
CHN,202306,2503.6706,2503670552.0,2788195.811,76.1763,76176304.0,0.0,1,6,0,0,0,-3.49246278335315,0.02952744986533891
CHN,202307,2883.0072,2883007240.0,2858229.594,75.5659,75565906.0,0.0,1,7,0,0,0,-3.6415840718067485,0.02554133274584292
CHN,202308,2217.561,2217560978.0,2198502.427,104.1578,104157830.0,0.0,1,8,0,0,0,-3.0582561653754183,0.04486236662252121
CHN,202309,5927.0805,5927080461.0,5876140.907,70.993,70992987.0,0.0,1,9,0,0,0,-4.42470576297733,0.011835966998403736
CHN,202310,6459.6928,6459692780.0,6404175.755,73.2109,73210883.0,0.0,1,10,0,0,0,-4.479992724480817,0.011206486940868269
CHN,202311,5203.7206,5203720592.0,5158997.864,64.111,64110989.0,0.0,1,11,0,0,0,-4.3965131926533,0.012170282740245533
CHN,202312,4231.5499,4231549858.0,4201500.48,67.7668,67766829.0,0.0,1,12,0,0,0,-4.134251212049279,0.01576222565785861
CHN,202401,3133.4504,3133450431.0,3111198.953,81.9196,81919600.0,0.0,1,13,0,0,0,-3.6441517621274055,0.025477503366642094
CHN,202402,2537.553,2537553036.0,2519533.187,79.1424,79142424.0,0.0,1,14,0,0,0,-3.467706748329423,0.030245171065764853
CHN,202403,2195.1092,2195109250.0,2179521.187,69.7091,69709115.0,0.0,1,15,0,0,0,-3.449656204917121,0.03077911371521504
CHN,202404,2557.2901,2557290069.0,2539130.062,78.7348,78734835.0,0.0,1,16,0,0,0,-3.4806181789186317,0.029868761861847358
CHN,202405,2978.3964,2978396397.0,2957246.0,72.4238,72423795.0,0.0,1,17,0,0,0,-3.716605339201311,0.0237391243181096
CHN,202406,2234.61,2234609967.0,2218741.398,93.8863,93886275.0,0.0,1,18,0,0,0,-3.1697375195007744,0.04032057083363198
CHN,202407,3027.2796,3027279650.0,3462331.086,94.815,94814959.0,0.0,1,19,0,0,0,-3.4634920488454863,0.030369034942118667
CHN,202408,2766.8578,2766857787.0,3164483.904,89.5059,89505943.0,0.0,1,20,0,0,0,-3.4311630421719426,0.031335610377628026
CHN,202409,5454.5142,5454514211.0,6238384.389,80.4084,80408403.0,0.0,1,21,0,0,0,-4.2170801900499955,0.01452746602093406
CHN,202410,6338.7752,6338775237.0,7249722.882,78.6752,78675156.0,0.0,1,22,0,0,0,-4.389112857597725,0.01225957274247106
CHN,202411,4793.1231,4793123093.0,5481944.519,84.2988,84298782.0,0.0,1,23,0,0,0,-4.040569852086902,0.01728347510802787
CHN,202412,3716.317,3716317039.0,4250390.283,95.1561,95156118.0,0.0,1,24,0,0,0,-3.6649697020884497,0.024965701581364956
CHN,202501,3558.1188,3558118784.0,4069457.301,101.1791,101179070.0,0.0,1,25,0,0,0,-3.560095043427366,0.027649866932123783
CHN,202502,2595.0053,2595005348.0,2967934.49,66.4346,66434648.0,0.0,1,26,0,0,0,-3.6651258328846743,0.02496190126254589
CHN,202503,3001.9333,3001933280.0,3433342.18,80.7985,80798456.0,0.0,1,27,0,0,0,-3.615053392427292,0.026210032283703697
CHN,202504,836.5358,836535771.0,956754.624,85.599,85598980.0,0.0,1,28,1,0,0,-2.2795957160446236,0.09282699232259752
CHN,202505,526.3136,526313556.0,601950.264,79.9274,79927423.0,0.0,1,29,1,0,0,-1.884778510154628,0.13184096753601293
CHN,202506,729.3657,729365688.0,834183.091,59.1064,59106434.0,0.0,1,30,1,0,0,-2.5128360427357057,0.07496321049279994
CHN,202507,749.0236,749023603.0,856666.052,69.4021,69402068.0,0.0,1,31,1,0,0,-2.3788533652781214,0.08479951203878373
CHN,202508,847.2649,847264945.0,839472.953,71.1736,71173613.0,0.0,1,32,1,0,0,-2.4768914334984107,0.07749413814860766
CHN,202509,3469.3342,3469334231.0,3437428.008,61.9476,61947612.0,0.0,1,33,1,0,0,-4.025429114927435,0.017542525209967668
CHN,202510,3357.1481,3357148098.0,3326273.611,54.046,54045987.0,0.0,1,34,1,0,0,-4.12901157698159,0.01584371877284849
CHN,202511,2503.8448,2503844777.0,2480817.814,43.7286,43728557.0,0.0,1,35,1,0,0,-4.0475803991913395,0.017164804751062326
CHN,202512,1508.7012,1508701243.0,1494826.259,52.5416,52541556.0,0.0,1,36,1,0,0,-3.357399190450559,0.0336537020378893
DEU,202301,0.1654,165380.0,184.174,6.7756,6775585.0,0.0,2,1,0,0,0,3.712716420122636,0.9761705806079816
DEU,202302,0.3188,318802.0,355.032,4.0264,4026390.0,0.0,2,2,0,0,0,2.53606400854609,0.9266316855380649
DEU,202303,0.512,512048.0,570.239,5.0556,5055627.0,0.0,2,3,0,0,0,2.2899271937334635,0.9080393706444427
DEU,202304,0.2345,234479.0,261.126,4.9498,4949760.0,0.0,2,4,0,0,0,3.0496468628197326,0.9547672781281948
DEU,202305,0.2877,287670.0,320.362,6.1733,6173319.0,0.0,2,5,0,0,0,3.066070549391946,0.9554712892741062
DEU,202306,0.3619,361864.0,402.987,4.986,4985990.0,0.0,2,6,0,0,0,2.6230213335138064,0.932328577572505
DEU,202307,0.1748,174822.0,173.32,6.8772,6877233.0,0.0,2,7,0,0,0,3.672324408124257,0.9752127056154282
DEU,202308,0.135,134951.0,133.791,7.1419,7141892.0,0.0,2,8,0,0,0,3.9684593479377384,0.981448144127307
DEU,202309,0.3502,350151.0,347.142,4.8742,4874228.0,0.0,2,9,0,0,0,2.6332068475497947,0.9329683791440165
DEU,202310,0.0894,89407.0,88.639,5.1009,5100866.0,0.0,2,10,0,0,0,4.044051591552082,0.9827755621062365
DEU,202311,0.0858,85765.0,85.028,5.2332,5233152.0,0.0,2,11,0,0,0,4.110759218142804,0.9838691483361535
DEU,202312,0.048,47957.0,47.616,7.6591,7659126.0,0.0,2,12,0,0,0,5.072448751451263,0.9937719764892112
DEU,202401,0.1004,100450.0,99.737,3.522,3522027.0,0.0,2,13,0,0,0,3.5576220817985225,0.9722835689045937
DEU,202402,0.1409,140916.0,139.915,4.2076,4207605.0,0.0,2,14,0,0,0,3.3965972739604844,0.9675980223065425
DEU,202403,0.0912,91217.0,90.569,5.4639,5463945.0,0.0,2,15,0,0,0,4.092863202392322,0.9835826537776098
DEU,202404,0.1238,123764.0,122.885,4.6605,4660489.0,0.0,2,16,0,0,0,3.6282106572507162,0.9741236962565056
DEU,202405,0.0544,54445.0,54.058,4.7657,4765730.0,0.0,2,17,0,0,0,4.472835555949062,0.9887139270969482
DEU,202406,0.1373,137298.0,136.323,3.867,3866982.0,0.0,2,18,0,0,0,3.3380659788333715,0.965711859750768
DEU,202407,0.1212,121195.0,138.612,3.6377,3637676.0,0.0,2,19,0,0,0,3.401664819150904,0.9677565245151507
DEU,202408,0.2029,202900.0,232.059,3.4036,3403618.0,0.0,2,20,0,0,0,2.819875727143633,0.943740468598364
DEU,202409,0.0923,92297.0,105.561,3.8135,3813523.0,0.0,2,21,0,0,0,3.7212585400954867,0.9763684776486251
DEU,202410,0.2171,217081.0,248.278,3.7961,3796141.0,0.0,2,22,0,0,0,2.8613714260180823,0.9459035183893152
DEU,202411,0.0661,66133.0,75.637,8.2906,8290605.0,0.0,2,23,0,0,0,4.831708875009714,0.9920901791376978
DEU,202412,0.217,216972.0,248.153,1.8206,1820581.0,0.0,2,24,0,0,0,2.1270240425307287,0.8935021594032195
DEU,202501,0.0618,61760.0,70.636,1.1833,1183260.0,0.0,2,25,0,0,0,2.952159059926868,0.9503654324953819
DEU,202502,0.2138,213799.0,244.524,1.8205,1820500.0,0.0,2,26,0,0,0,2.1418254690245435,0.8949024234380376
DEU,202503,0.1169,116874.0,133.67,2.589,2589029.0,0.0,2,27,0,0,0,3.0977081112735148,0.9567981078384272
DEU,202504,0.2204,220370.0,252.039,2.0254,2025386.0,0.0,2,28,1,0,0,2.218078413619425,0.9018612521150592
DEU,202505,0.0442,44233.0,50.59,2.3326,2332567.0,0.0,2,29,1,0,0,3.9660140151732968,0.981403567822282
DEU,202506,0.1097,109728.0,125.497,2.2124,2212434.0,0.0,2,30,1,0,0,3.0040838108393384,0.9527582791438783
DEU,202507,0.122,122046.0,139.585,4.8388,4838786.0,0.0,2,31,1,0,0,3.6804009903524366,0.9754071923883245
DEU,202508,0.0352,35172.0,34.849,1.6231,1623074.0,0.0,2,32,1,0,0,3.8310470973069735,0.9787734426822651
DEU,202509,0.1984,198417.0,196.592,2.6127,2612733.0,0.0,2,33,1,0,0,2.577854253516031,0.929422645939312
DEU,202510,0.0455,45542.0,45.123,1.5191,1519112.0,0.0,2,34,1,0,0,3.5081610072567124,0.9709190847500958
DEU,202511,0.1474,147362.0,146.007,2.4301,2430100.0,0.0,2,35,1,0,0,2.8025377079960014,0.9428128031037827
DEU,202512,0.1313,131332.0,130.124,13.1633,13163255.0,0.0,2,36,1,0,0,4.607703152013974,0.9901238096670829
IND,202301,296.0748,296074776.0,329721.676,11.6504,11650374.0,0.0,3,1,0,0,0,-3.2352716109165796,0.03785975279242649
IND,202302,148.1781,148178063.0,165017.5,7.0432,7043250.0,0.0,3,2,0,0,0,-3.046352316313082,0.045375215901425896
IND,202303,633.9399,633939865.0,705982.852,5.5818,5581792.0,0.0,3,3,0,0,0,-4.732442849970788,0.008728085380058254
IND,202304,290.2708,290270802.0,323258.119,6.4292,6429214.0,0.0,3,4,0,0,0,-3.8099641666575623,0.02166902595214021
IND,202305,492.4806,492480563.0,548447.655,5.4956,5495625.0,0.0,3,5,0,0,0,-4.495507296905703,0.011035868782483981
IND,202306,532.6759,532675942.0,593210.967,5.828,5827985.0,0.0,3,6,0,0,0,-4.515239283342626,0.010822577143823845
IND,202307,372.4941,372494098.0,369292.744,4.3468,4346813.0,0.0,3,7,0,0,0,-4.450781256561443,0.011534841361433963
IND,202308,226.2604,226260379.0,224315.812,4.4007,4400666.0,0.0,3,8,0,0,0,-3.939922929194731,0.01907863961456873
IND,202309,613.1221,613122132.0,607852.73,4.277,4277048.0,0.0,3,9,0,0,0,-4.965312271196188,0.006927447740043676
IND,202310,315.5962,315596223.0,312883.871,5.1685,5168531.0,0.0,3,10,0,0,0,-4.111881037315161,0.01611305732831574
IND,202311,473.687,473686976.0,469615.932,4.601,4601049.0,0.0,3,11,0,0,0,-4.634273094850134,0.009619727026394138
IND,202312,617.6468,617646773.0,613260.696,4.8157,4815666.0,0.0,3,12,0,0,0,-4.854035359334225,0.007736530313071068
IND,202401,478.9675,478967474.0,475566.197,4.1045,4104504.0,0.0,3,13,0,0,0,-4.759548812615989,0.008496663023317436
IND,202402,713.0112,713011208.0,707947.923,4.1731,4173146.0,0.0,3,14,0,0,0,-5.140837963668158,0.005818727487481251
IND,202403,752.5584,752558416.0,747214.295,5.5315,5531479.0,0.0,3,15,0,0,0,-4.913019575092282,0.0072966280120603105
IND,202404,662.3432,662343206.0,657639.728,22.5577,22557698.0,0.0,3,16,0,0,0,-3.379707379524184,0.03293571376530532
IND,202405,712.9795,712979474.0,707916.414,9.1738,9173806.0,0.0,3,17,0,0,0,-4.353101073051685,0.01270339691032361
IND,202406,627.5924,627592371.0,623135.668,7.3463,7346336.0,0.0,3,18,0,0,0,-4.447694126046394,0.011570093301920327
IND,202407,503.6904,503690363.0,576075.884,7.0925,7092469.0,0.0,3,19,0,0,0,-4.262923905905442,0.013885547069018952
IND,202408,367.4525,367452527.0,420259.26,8.6968,8696844.0,0.0,3,20,0,0,0,-3.743638916690837,0.02312060663146256
IND,202409,294.3378,294337765.0,336637.15,7.0948,7094836.0,0.0,3,21,0,0,0,-3.7253659660093477,0.0235369366153495
IND,202410,435.7966,435796636.0,498425.126,9.8291,9829148.0,0.0,3,22,0,0,0,-3.7918282472284566,0.022056851748002867
IND,202411,525.7426,525742640.0,601297.302,9.6145,9614459.0,0.0,3,23,0,0,0,-4.001539363744484,0.017959040797254765
IND,202412,966.8401,966840103.0,1105785.038,8.6752,8675155.0,0.0,3,24,0,0,0,-4.71356474468462,0.008892940992314524
IND,202501,1338.1708,1338170834.0,1530479.841,7.4285,7428480.0,0.0,3,25,0,0,0,-5.193734931659677,0.005520588484253818
IND,202502,1740.3127,1740312669.0,1990413.622,7.5756,7575629.0,0.0,3,26,0,0,0,-5.436887532526427,0.004334144235647095
IND,202503,2357.5216,2357521603.0,2696321.872,6.381,6380972.0,0.0,3,27,0,0,0,-5.912041351827574,0.002699349795545722
IND,202504,1777.2355,1777235460.0,2032642.6,27.3296,27329583.0,0.0,3,28,1,0,0,-4.174843982202545,0.015144701623676529
IND,202505,2133.5501,2133550081.0,2440163.322,16.6042,16604246.0,0.0,3,29,1,0,0,-4.855886909484231,0.00772232950909616
IND,202506,2283.9137,2283913732.0,2612135.787,8.7996,8799577.0,0.0,3,30,1,0,0,-5.5589395195679865,0.003838072557960038
IND,202507,1615.5555,1615555472.0,1847727.524,9.8244,9824352.0,0.0,3,31,1,0,0,-5.102565052175129,0.006044371534310226
IND,202508,938.3583,938358304.0,929728.559,11.8003,11800341.0,0.0,3,32,1,0,0,-4.376006904134489,0.012419295052425984
IND,202509,771.461,771461018.0,764366.168,9.904,9903992.0,0.0,3,33,1,0,0,-4.3553474037083175,0.01267525420258138
IND,202510,1772.8755,1772875518.0,1756571.018,8.7725,8772463.0,0.0,3,34,1,0,0,-5.308736255167278,0.004923812111034279
IND,202511,2479.427,2479426980.0,2456624.579,11.6584,11658428.0,0.0,3,35,1,0,0,-5.359755813838791,0.004680048303442347
IND,202512,2938.5319,2938531922.0,2911507.298,10.3028,10302821.0,0.0,3,36,1,0,0,-5.65324967891991,0.0034938547080987617
JPN,202301,7.628,7627950.0,8494.815,3.2221,3222054.0,0.0,4,1,0,0,0,-0.8617923668418006,0.2969650049308301
JPN,202302,0.7961,796103.0,886.575,3.8446,3844598.0,0.0,4,2,0,0,0,1.5747000392242274,0.8284526041329972
JPN,202303,6.2031,6203090.0,6908.029,6.9232,6923243.0,0.0,4,3,0,0,0,0.10982892339578637,0.5274296641094596
JPN,202304,1.019,1019005.0,1134.808,2.5749,2574908.0,0.0,4,4,0,0,0,0.9269889441695591,0.7164640084587774
JPN,202305,8.8713,8871314.0,9879.479,3.3351,3335110.0,0.0,4,5,0,0,0,-0.9783186830999336,0.2732255210381439
JPN,202306,9.5248,9524782.0,10607.209,4.9752,4975192.0,0.0,4,6,0,0,0,-0.6494333526094461,0.3431172413793103
JPN,202307,2.6019,2601912.0,2579.55,3.9586,3958593.0,0.0,4,7,0,0,0,0.419648480028115,0.6033991311637833
JPN,202308,3.0569,3056873.0,3030.601,3.9109,3910892.0,0.0,4,8,0,0,0,0.24636619597358775,0.5612818967249347
JPN,202309,4.5065,4506511.0,4467.78,2.9406,2940583.0,0.0,4,9,0,0,0,-0.4269071568529077,0.3948651152797733
JPN,202310,8.0896,8089644.0,8020.119,3.5934,3593392.0,0.0,4,10,0,0,0,-0.8114804565739573,0.3075751091329282
JPN,202311,6.1056,6105593.0,6053.119,3.0356,3035579.0,0.0,4,11,0,0,0,-0.6987972842841549,0.33207893930774957
JPN,202312,6.5284,6528380.0,6482.02,4.8818,4881763.0,0.0,4,12,0,0,0,-0.29064788597967667,0.4278452612574714
JPN,202401,6.5333,6533346.0,6486.951,3.9246,3924592.0,0.0,4,13,0,0,0,-0.5096477403014451,0.37527610705782233
JPN,202402,1.7773,1777328.0,1764.707,4.8867,4886694.0,0.0,4,14,0,0,0,1.011421870265723,0.733298319327731
JPN,202403,4.9235,4923466.0,4888.503,3.354,3353973.0,0.0,4,15,0,0,0,-0.38386599630470253,0.4051948051948052
JPN,202404,6.5343,6534350.0,6487.948,4.1709,4170893.0,0.0,4,16,0,0,0,-0.44893338594568466,0.38961439300526846
JPN,202405,5.1231,5123083.0,5086.703,3.845,3844987.0,0.0,4,17,0,0,0,-0.2869861216215587,0.42874187397553554
JPN,202406,3.4321,3432060.0,3407.688,3.9292,3929233.0,0.0,4,18,0,0,0,0.1352635240882135,0.5337644166111963
JPN,202407,6.5535,6553471.0,7495.273,4.5923,4592326.0,0.0,4,19,0,0,0,-0.3556182701837224,0.41202067146369037
JPN,202408,7.2223,7222289.0,8260.207,3.8173,3817259.0,0.0,4,20,0,0,0,-0.6376300953017618,0.3457824558860828
JPN,202409,7.4665,7466474.0,8539.484,5.2909,5290905.0,0.0,4,21,0,0,0,-0.3444379847906992,0.4147318419113612
JPN,202410,5.4537,5453739.0,6237.498,5.5901,5590082.0,0.0,4,22,0,0,0,0.024702898684667757,0.5061754106376427
JPN,202411,4.2941,4294077.0,4911.18,4.2042,4204191.0,0.0,4,23,0,0,0,-0.02115796187228338,0.4947107068472518
JPN,202412,10.6318,10631842.0,12159.748,6.1834,6183425.0,0.0,4,24,0,0,0,-0.5419812280994484,0.3677268185927018
JPN,202501,1.8674,1867391.0,2135.754,3.699,3698987.0,0.0,4,25,0,0,0,0.6835154237826285,0.6645228513940787
JPN,202502,2.4991,2499139.0,2858.291,2.8763,2876253.0,0.0,4,26,0,0,0,0.14057407890394147,0.5350857610596421
JPN,202503,5.3066,5306571.0,6069.18,2.5936,2593642.0,0.0,4,27,0,0,0,-0.7159044568558696,0.32829548619022303
JPN,202504,1.2569,1256939.0,1437.574,3.3927,3392724.0,0.0,4,28,1,0,0,0.9929776926145992,0.7296756710254646
JPN,202505,1.9119,1911916.0,2186.678,2.2192,2219162.0,0.0,4,29,1,0,0,0.1490492585722089,0.537193483575803
JPN,202506,0.5573,557307.0,637.398,2.2892,2289197.0,0.0,4,30,1,0,0,1.4128539959594566,0.8042157034955207
JPN,202507,8.7427,8742726.0,9999.146,3.035,3034976.0,0.0,4,31,1,0,0,-1.0580076419337645,0.257690380974214
JPN,202508,2.7807,2780700.0,2755.127,2.6983,2698315.0,0.0,4,32,1,0,0,-0.030080749487082486,0.4924803796313196
JPN,202509,4.0857,4085740.0,4048.165,2.371,2370967.0,0.0,4,33,1,0,0,-0.5441812651776159,0.36721545061718835
JPN,202510,2.9636,2963625.0,2936.37,3.228,3228037.0,0.0,4,34,1,0,0,0.08545800484733765,0.5213515084953808
JPN,202511,4.5797,4579654.0,4537.537,15.0534,15053424.0,0.0,4,35,1,0,0,1.1899703855041819,0.7667357676576801
JPN,202512,8.1644,8164445.0,8089.36,11.5821,11582114.0,0.0,4,36,1,0,0,0.34967756351595103,0.5865393867267616
KOR,202301,132.42,132419995.0,147468.634,5.7439,5743883.0,0.0,5,1,0,0,0,-3.1378402673730754,0.04157308819452839
KOR,202302,74.5951,74595128.0,83072.361,5.564,5563975.0,0.0,5,2,0,0,0,-2.595757547345141,0.06941195697057477
KOR,202303,75.8271,75827118.0,84444.358,9.1088,9108775.0,0.0,5,3,0,0,0,-2.1192147693275927,0.10724322695114787
KOR,202304,132.6511,132651147.0,147726.054,7.3727,7372730.0,0.0,5,4,0,0,0,-2.889938383869137,0.05265319181453438
KOR,202305,102.7842,102784223.0,114464.956,6.4414,6441423.0,0.0,5,5,0,0,0,-2.7698857369159486,0.05897335423197492
KOR,202306,65.2015,65201487.0,72611.196,11.6771,11677139.0,0.0,5,6,0,0,0,-1.7198528159025783,0.15189012286904288
KOR,202307,96.4273,96427308.0,95598.576,6.9224,6922372.0,0.0,5,7,0,0,0,-2.634026826234714,0.06698035891734568
KOR,202308,57.5584,57558428.0,57063.749,7.924,7923977.0,0.0,5,8,0,0,0,-1.98290395571521,0.12100961479725851
KOR,202309,179.8844,179884438.0,178338.444,6.8993,6899328.0,0.0,5,9,0,0,0,-3.260894465173434,0.036937377297911966
KOR,202310,124.3814,124381393.0,123312.413,7.9029,7902894.0,0.0,5,10,0,0,0,-2.756122870721276,0.059741783416474965
KOR,202311,89.2092,89209180.0,88442.483,5.9081,5908080.0,0.0,5,11,0,0,0,-2.714659882553307,0.0621138320789173
KOR,202312,9.4115,9411467.0,9344.634,6.8715,6871464.0,0.0,5,12,0,0,0,-0.31454992276932614,0.4220045446170853
KOR,202401,8.3703,8370347.0,8310.907,9.1283,9128307.0,0.0,5,13,0,0,0,0.08668975177383023,0.5216588755671883
KOR,202402,8.0755,8075527.0,8018.181,5.0894,5089405.0,0.0,5,14,0,0,0,-0.46167484127471387,0.38658858023988035
KOR,202403,12.3917,12391738.0,12303.741,8.7595,8759497.0,0.0,5,15,0,0,0,-0.34688806796057675,0.41413725935171525
KOR,202404,12.0918,12091753.0,12005.886,4.3873,4387290.0,0.0,5,16,0,0,0,-1.0138135332119453,0.26623419968323514
KOR,202405,10.5832,10583246.0,10508.092,4.2166,4216603.0,0.0,5,17,0,0,0,-0.9202387220622774,0.28490925553048013
KOR,202406,10.1053,10105298.0,10033.538,6.6706,6670568.0,0.0,5,18,0,0,0,-0.41535022778371766,0.397629933416389
KOR,202407,6.9308,6930834.0,7926.867,7.2206,7220604.0,0.0,5,19,0,0,0,0.040962805290434334,0.5102392696129006
KOR,202408,7.6829,7682863.0,8786.97,4.381,4380960.0,0.0,5,20,0,0,0,-0.5617200712199745,0.36314956191612996
KOR,202409,8.2014,8201380.0,9380.003,4.2508,4250821.0,0.0,5,21,0,0,0,-0.6571976708881222,0.3413693965724932
KOR,202410,11.4435,11443470.0,13088.015,4.0978,4097772.0,0.0,5,22,0,0,0,-1.0269716388852947,0.26367163622090817
KOR,202411,7.3185,7318524.0,8370.272,5.8009,5800872.0,0.0,5,23,0,0,0,-0.23239231101369137,0.44216198911535587
KOR,202412,5.2476,5247590.0,6001.723,4.2402,4240215.0,0.0,5,24,0,0,0,-0.21316039128201175,0.4469107696199329
KOR,202501,6.4146,6414586.0,7336.428,8.1382,8138164.0,0.0,5,25,0,0,0,0.23799238307505421,0.5592188444835358
KOR,202502,6.8907,6890742.0,7881.013,6.3265,6326523.0,0.0,5,26,0,0,0,-0.08542551573450007,0.47865659897709045
KOR,202503,6.553,6552984.0,7494.716,5.3855,5385478.0,0.0,5,27,0,0,0,-0.1962128032486719,0.4511035724756041
KOR,202504,19.9103,19910322.0,22771.641,5.7072,5707193.0,0.0,5,28,1,0,0,-1.2495086501452197,0.22278520542597835
KOR,202505,30.935,30934977.0,35380.654,4.1399,4139937.0,0.0,5,29,1,0,0,-2.011216596026828,0.11803027236000672
KOR,202506,17.5171,17517056.0,20034.438,5.1552,5155158.0,0.0,5,30,1,0,0,-1.2231716326927784,0.2273787838022609
KOR,202507,4.7039,4703888.0,5379.885,4.2553,4255257.0,0.0,5,31,1,0,0,-0.10022668703910612,0.47496428252522555
KOR,202508,2.9358,2935761.0,2908.762,3.986,3986000.0,0.0,5,32,1,0,0,0.3058082332496072,0.5758617700598111
KOR,202509,3.4446,3444556.0,3412.878,2.1483,2148308.0,0.0,5,33,1,0,0,-0.4721309557206424,0.38411199914176897
KOR,202510,2.2532,2253201.0,2232.479,2.9196,2919615.0,0.0,5,34,1,0,0,0.2590951925569182,0.5644138570986699
KOR,202511,6.7892,6789211.0,6726.773,4.8498,4849847.0,0.0,5,35,1,0,0,-0.3363956473195227,0.41668528224074236
KOR,202512,13.8066,13806628.0,13679.653,4.2488,4248836.0,0.0,5,36,1,0,0,-1.1785101485763938,0.23532018122002285
MEX,202301,0.4235,423496.0,471.623,68.7747,68774677.0,0.0,6,1,0,0,0,5.090037709640988,0.9938798986100794
MEX,202302,0.1918,191807.0,213.605,76.1325,76132454.0,0.0,6,2,0,0,0,5.983777359877358,0.9974870388591838
MEX,202303,0.7512,751171.0,836.537,94.0959,94095912.0,0.0,6,3,0,0,0,4.830397826060688,0.9920798843612509
MEX,202304,1.4055,1405463.0,1565.184,75.1985,75198541.0,0.0,6,4,0,0,0,3.9797381725838936,0.9816523941308547
MEX,202305,0.026,25962.0,28.912,86.201,86201041.0,0.0,6,5,0,0,0,8.106340519491086,0.9996984703167222
MEX,202306,0.019,18969.0,21.125,90.5185,90518529.0,0.0,6,6,0,0,0,8.468870549520181,0.999790142206268
MEX,202307,0.1537,153741.0,152.42,66.8424,66842419.0,0.0,6,7,0,0,0,6.075090238162881,0.9977058366083996
MEX,202308,0.0827,82716.0,82.005,72.8948,72894800.0,0.0,6,8,0,0,0,6.781552982833107,0.9988667740056867
MEX,202309,0.0725,72496.0,71.873,60.8656,60865551.0,0.0,6,9,0,0,0,6.732836871816677,0.9988102681245395
MEX,202310,0.0674,67374.0,66.795,77.4516,77451577.0,0.0,6,10,0,0,0,7.0467634862027175,0.9991305357396251
MEX,202311,0.1913,191282.0,189.638,71.6835,71683466.0,0.0,6,11,0,0,0,5.92617299813555,0.9973384273764936
MEX,202312,0.0474,47415.0,47.078,67.6242,67624231.0,0.0,6,12,0,0,0,7.263098957433231,0.9992995584558367
MEX,202401,0.0876,87629.0,87.007,55.635,55634982.0,0.0,6,13,0,0,0,6.453786780649455,0.9984279269093689
MEX,202402,0.3268,326821.0,324.5,62.7054,62705437.0,0.0,6,14,0,0,0,5.256854484328585,0.9948153483457661
MEX,202403,0.0193,19304.0,19.167,69.4013,69401271.0,0.0,6,15,0,0,0,8.187555782397087,0.9997219845406119
MEX,202404,0.2648,264842.0,262.961,76.4009,76400851.0,0.0,6,16,0,0,0,5.664774931127086,0.9965460434066343
MEX,202405,0.0363,36345.0,36.087,68.9669,68966910.0,0.0,6,17,0,0,0,7.549564217065941,0.9994739374405825
MEX,202406,0.0331,33078.0,32.843,68.178,68178047.0,0.0,6,18,0,0,0,7.630343928763047,0.9995147417355825
MEX,202407,0.0328,32817.0,37.533,73.2014,73201440.0,0.0,6,19,0,0,0,7.7105413100594715,0.9995521218228642
MEX,202408,0.0364,36441.0,41.678,67.6414,67641366.0,0.0,6,20,0,0,0,7.5274067259675705,0.999462157457837
MEX,202409,0.1221,122094.0,139.64,83.2564,83256358.0,0.0,6,21,0,0,0,6.524839900648033,0.9985355937082101
MEX,202410,0.0379,37927.0,43.378,80.2066,80206636.0,0.0,6,22,0,0,0,7.657409972644577,0.999527693486781
MEX,202411,0.0506,50575.0,57.843,73.6447,73644702.0,0.0,6,23,0,0,0,7.28305588102562,0.9993133890492337
MEX,202412,0.0111,11090.0,12.684,106.8721,106872140.0,0.0,6,24,0,0,0,9.172442963049702,0.9998961483189126
MEX,202501,0.0473,47299.0,54.096,85.9475,85947461.0,0.0,6,25,0,0,0,7.504981628211781,0.999449966742175
MEX,202502,0.0147,14680.0,16.79,86.9661,86966053.0,0.0,6,26,0,0,0,8.685426172744313,0.9998309971855858
MEX,202503,0.0305,30517.0,34.903,52.2162,52216212.0,0.0,6,27,0,0,0,7.445421386937955,0.9994162310729672
MEX,202504,0.3838,383790.0,438.945,49.3858,49385752.0,0.0,6,28,1,0,0,4.857296628888206,0.9922884652478622
MEX,202505,0.3422,342211.0,391.39,47.0427,47042667.0,0.0,6,29,1,0,0,4.923415617426399,0.9927782901304002
MEX,202506,0.332,331976.0,379.684,44.3709,44370947.0,0.0,6,30,1,0,0,4.895204159226409,0.9925731887640399
MEX,202507,0.2314,231358.0,264.607,52.6248,52624773.0,0.0,6,31,1,0,0,5.426794955742825,0.9956220840696077
MEX,202508,0.3379,337900.0,334.792,54.9044,54904406.0,0.0,6,32,1,0,0,5.090598776285371,0.9938833104342144
MEX,202509,0.1731,173087.0,171.495,54.2648,54264812.0,0.0,6,33,1,0,0,5.74776158307428,0.9968202300235681
MEX,202510,0.0262,26179.0,25.938,54.6448,54644756.0,0.0,6,34,1,0,0,7.642849927349835,0.9995207696950851
MEX,202511,0.9547,954700.0,945.92,48.6945,48694469.0,0.0,6,35,1,0,0,3.931924211343935,0.9807710899672099
MEX,202512,0.0094,9443.0,9.356,46.5501,46550148.0,0.0,6,36,1,0,0,8.50757474165466,0.9997981077975494
MYS,202301,0.2112,211185.0,235.185,22.0457,22045669.0,0.0,7,1,0,0,0,4.648067298687834,0.9905108078842965
MYS,202302,0.8621,862142.0,960.119,22.9122,22912173.0,0.0,7,2,0,0,0,3.2800535255566743,0.9637381542253609
MYS,202303,1.2023,1202287.0,1338.919,28.2659,28265931.0,0.0,7,3,0,0,0,3.1574197421216863,0.9592000868733075
MYS,202304,0.955,954965.0,1063.49,19.5385,19538468.0,0.0,7,4,0,0,0,3.0184308165604063,0.9533998584917169
MYS,202305,0.2257,225669.0,251.315,22.7389,22738943.0,0.0,7,5,0,0,0,4.61262570939986,0.9901718296856902
MYS,202306,0.0022,2234.0,2.488,14.6722,14672214.0,0.0,7,6,0,0,0,8.80525246544583,0.9998500790492286
MYS,202307,0.4842,484226.0,480.064,16.1657,16165673.0,0.0,7,7,0,0,0,3.5081489481513524,0.9709187442567222
MYS,202308,0.8125,812524.0,805.541,24.7871,24787088.0,0.0,7,8,0,0,0,3.4179627213280432,0.9682612228316068
MYS,202309,0.9728,972798.0,964.437,20.91,20909973.0,0.0,7,9,0,0,0,3.0678042812107766,0.9555449942420532
MYS,202310,1.1006,1100554.0,1091.095,16.2935,16293511.0,0.0,7,10,0,0,0,2.6949107696319614,0.9367256713483307
MYS,202311,0.7282,728237.0,721.978,16.1633,16163309.0,0.0,7,11,0,0,0,3.0999227834069463,0.9568895598377882
MYS,202312,0.4938,493821.0,490.314,26.3083,26308288.0,0.0,7,12,0,0,0,3.9755091808205436,0.9815760705317866
MYS,202401,1.0057,1005697.0,998.555,15.9392,15939157.0,0.0,7,13,0,0,0,2.7630976674285295,0.9406488087861243
MYS,202402,3.6241,3624118.0,3598.382,13.0089,13008928.0,0.0,7,14,0,0,0,1.2780277569849292,0.7821138700174353
MYS,202403,3.853,3853016.0,3825.655,18.7144,18714351.0,0.0,7,15,0,0,0,1.5804412153534,0.8292669957549385
MYS,202404,1.0721,1072060.0,1064.447,18.3616,18361639.0,0.0,7,16,0,0,0,2.8406421854847967,0.9448329448329449
MYS,202405,10.919,10919043.0,10841.504,17.0978,17097809.0,0.0,7,17,0,0,0,0.448445409229164,0.6102695525541818
MYS,202406,9.4547,9454666.0,9387.526,14.9521,14952140.0,0.0,7,18,0,0,0,0.45833978583613105,0.6126202533720111
MYS,202407,7.0299,7029852.0,8040.115,20.2458,20245809.0,0.0,7,19,0,0,0,1.057774883662916,0.7422650931048516
MYS,202408,6.1939,6193915.0,7084.045,21.7923,21792339.0,0.0,7,20,0,0,0,1.2579917596276022,0.778680206673289
MYS,202409,9.9116,9911590.0,11335.988,27.2482,27248182.0,0.0,7,21,0,0,0,1.0112816754942004,0.7332709002739519
MYS,202410,11.8159,11815916.0,13513.985,21.223,21223028.0,0.0,7,22,0,0,0,0.5856394171611179,0.642364001222801
MYS,202411,13.7233,13723331.0,15695.516,19.9814,19981368.0,0.0,7,23,0,0,0,0.3757067226780524,0.5928372007464834
MYS,202412,16.4032,16403177.0,18760.483,28.7257,28725670.0,0.0,7,24,0,0,0,0.5603157547068757,0.636525596679733
MYS,202501,16.692,16691994.0,19090.806,21.9972,21997210.0,0.0,7,25,0,0,0,0.27598560980187603,0.5685617691758941
MYS,202502,3.5593,3559321.0,4070.832,17.5058,17505757.0,0.0,7,26,0,0,0,1.5929683582741825,0.8310333205159245
MYS,202503,6.8836,6883589.0,7872.832,16.9878,16987847.0,0.0,7,27,0,0,0,0.9033536684568565,0.7116381946597183
MYS,202504,5.3388,5338838.0,6106.084,15.7813,15781257.0,0.0,7,28,1,0,0,1.0838247861695864,0.7472171059796118
MYS,202505,7.8821,7882127.0,9014.87,17.5625,17562515.0,0.0,7,29,1,0,0,0.8011715812663888,0.6902250379255322
MYS,202506,7.607,7606977.0,8700.178,14.1673,14167348.0,0.0,7,30,1,0,0,0.6218676161301719,0.6506431894481108
MYS,202507,7.7302,7730219.0,8841.132,10.2442,10244192.0,0.0,7,31,1,0,0,0.28157695628443913,0.5699327933060352
MYS,202508,11.1153,11115323.0,11013.099,12.4303,12430318.0,0.0,7,32,1,0,0,0.1118145027830223,0.5279245379179125
MYS,202509,7.1264,7126446.0,7060.907,12.8009,12800923.0,0.0,7,33,1,0,0,0.5857092828728521,0.6423800514871557
MYS,202510,9.3169,9316896.0,9231.212,14.3733,14373259.0,0.0,7,34,1,0,0,0.4335423634783771,0.6067192341136841
MYS,202511,5.2772,5277172.0,5228.64,17.124,17124043.0,0.0,7,35,1,0,0,1.1770853342552152,0.7644233344642251
MYS,202512,7.061,7060971.0,6996.034,14.876,14876036.0,0.0,7,36,1,0,0,0.7451624915286139,0.6781237179194968
PHL,202306,0.0358,35839.0,39.912,2.348,2347985.0,0.0,8,6,0,0,0,4.183371287541332,0.9849819615739576
PHL,202307,0.0528,52762.0,52.309,1.166,1166028.0,0.0,8,7,0,0,0,3.0948231761982217,0.9566787003610109
PHL,202308,0.046,46029.0,45.633,1.4501,1450058.0,0.0,8,8,0,0,0,3.4507464020647545,0.9692533921529309
PHL,202309,0.0809,80931.0,80.235,0.9503,950327.0,0.0,8,9,0,0,0,2.4635639001528236,0.9215477114041892
PHL,202310,0.0844,84446.0,83.72,0.555,554974.0,0.0,8,10,0,0,0,1.883400712144523,0.8680012511729747
PHL,202311,0.0553,55348.0,54.872,1.03,1029997.0,0.0,8,11,0,0,0,2.9245411726953923,0.9490463466322676
PHL,202312,0.0672,67201.0,66.724,0.7423,742255.0,0.0,8,12,0,0,0,2.4020802265943972,0.9169857936998147
PHL,202401,0.0602,60192.0,59.765,0.5505,550501.0,0.0,8,13,0,0,0,2.2131546038479595,0.901424594727362
PHL,202402,0.4246,424626.0,421.611,1.1015,1101541.0,0.0,8,14,0,0,0,0.9532806169732421,0.7217744577681672
PHL,202403,0.6491,649139.0,644.529,1.9398,1939815.0,0.0,8,15,0,0,0,1.0947533659200195,0.7492757541813125
PHL,202404,0.0642,64233.0,63.777,7.4448,7444824.0,0.0,8,16,0,0,0,4.753267870394469,0.991450259688374
PHL,202405,0.4071,407115.0,404.224,0.456,456025.0,0.0,8,17,0,0,0,0.11343395400545295,0.5283281195689955
PHL,202406,0.1178,117762.0,116.926,1.3732,1373241.0,0.0,8,18,0,0,0,2.4559107903660506,0.9209926224010732
PHL,202407,0.0609,60880.0,69.629,0.2216,221607.0,0.0,8,19,0,0,0,1.2916407801572773,0.784424778761062
PHL,202408,0.0704,70404.0,80.522,0.6188,618836.0,0.0,8,20,0,0,0,2.173588855534914,0.897852582704585
PHL,202409,0.0427,42673.0,48.806,0.4748,474794.0,0.0,8,21,0,0,0,2.408694742500934,0.9174879227053141
PHL,202410,0.06,60037.0,68.665,0.7006,700615.0,0.0,8,22,0,0,0,2.4575925485412857,0.9211149092821458
PHL,202411,0.0259,25871.0,29.589,1.0493,1049273.0,0.0,8,23,0,0,0,3.7016355854583733,0.9759114583333333
PHL,202412,0.0117,11737.0,13.424,0.7966,796625.0,0.0,8,24,0,0,0,4.220763828943833,0.9855251762959297
PHL,202501,0.02,20000.0,22.874,1.2704,1270417.0,0.0,8,25,0,0,0,4.1513548169388805,0.9845009299442034
PHL,202502,0.063,62990.0,72.042,0.4635,463463.0,0.0,8,26,0,0,0,1.9956716586143772,0.8803418803418804
PHL,202503,0.0302,30203.0,34.543,1.6073,1607341.0,0.0,8,27,0,0,0,3.9744691071942713,0.9815572519083969
PHL,202504,0.0427,42683.0,48.817,0.7225,722518.0,0.0,8,28,1,0,0,2.8285184997520085,0.9441975953998955
PHL,202505,0.0998,99759.0,114.095,0.7636,763580.0,0.0,8,29,1,0,0,2.034875908534174,0.8844104702339588
PHL,202506,0.0614,61447.0,70.278,0.7851,785104.0,0.0,8,30,1,0,0,2.548401263051113,0.9274660366213822
PHL,202507,0.1682,168168.0,192.335,0.9478,947801.0,0.0,8,31,1,0,0,1.7289897619946404,0.8492831541218638
PHL,202508,0.0787,78665.0,77.942,0.6538,653764.0,0.0,8,32,1,0,0,2.1171583388667528,0.8925597269624573
PHL,202509,0.1904,190380.0,188.629,1.5368,1536797.0,0.0,8,33,1,0,0,2.088330489097082,0.8897637795275591
PHL,202510,0.2584,258424.0,256.047,0.718,718026.0,0.0,8,34,1,0,0,1.0219607971397773,0.7353543629659975
PHL,202511,0.0652,65200.0,64.6,0.3649,364937.0,0.0,8,35,1,0,0,1.7221638745097947,0.8484073471285748
PHL,202512,0.5049,504925.0,500.281,0.6785,678463.0,0.0,8,36,1,0,0,0.2955240894100538,0.5733479803954706
THA,202301,0.2106,210578.0,234.509,18.5572,18557194.0,0.0,9,1,0,0,0,4.478652533190524,0.988778652798943
THA,202302,0.637,637040.0,709.435,17.3878,17387838.0,0.0,9,2,0,0,0,3.3067544342849535,0.9646598020505082
THA,202303,0.1556,155601.0,173.284,24.867,24866967.0,0.0,9,3,0,0,0,5.074008290515344,0.9937816214142415
THA,202304,0.0393,39343.0,43.814,19.1206,19120620.0,0.0,9,4,0,0,0,6.187297047990949,0.9979488410691079
THA,202305,0.0761,76100.0,84.748,13.2874,13287357.0,0.0,9,5,0,0,0,5.162523231884065,0.9943053840685449
THA,202306,0.1838,183802.0,204.69,16.0879,16087905.0,0.0,9,6,0,0,0,4.4719745056985545,0.9887043148533957
THA,202307,3.045,3044952.0,3018.783,14.9261,14926101.0,0.0,9,7,0,0,0,1.5896104572435041,0.8305612900712811
THA,202308,0.004,3953.0,3.919,14.2902,14290179.0,0.0,9,8,0,0,0,8.181034905507342,0.9997201662212646
THA,202309,0.622,621975.0,616.63,19.8879,19887878.0,0.0,9,9,0,0,0,3.4649266928409888,0.9696731822193185
THA,202310,0.7397,739689.0,733.332,15.0216,15021558.0,0.0,9,10,0,0,0,3.0109997456847792,0.9530685920577617
THA,202311,0.1772,177150.0,175.628,18.1674,18167428.0,0.0,9,11,0,0,0,4.630105019969998,0.9903404816676298
THA,202312,0.0442,44203.0,43.889,15.5441,15544129.0,0.0,9,12,0,0,0,5.862711635303419,0.9971645400717205
THA,202401,0.3283,328253.0,325.922,15.282,15281951.0,0.0,9,13,0,0,0,3.840503119699965,0.9789690140484167
THA,202402,0.413,412971.0,410.038,14.5375,14537498.0,0.0,9,14,0,0,0,3.5610392038658873,0.9723755058359252
THA,202403,0.0454,45398.0,45.076,20.0106,20010590.0,0.0,9,15,0,0,0,6.088505307088432,0.9977363382528919
THA,202404,0.4462,446230.0,443.061,23.0013,23001332.0,0.0,9,16,0,0,0,3.942538733054692,0.9809702526921846
THA,202405,0.4824,482385.0,478.959,15.8566,15856639.0,0.0,9,17,0,0,0,3.492567451005943,0.9704755492992229
THA,202406,0.4707,470660.0,467.318,16.5263,16526295.0,0.0,9,18,0,0,0,3.5584873819023843,0.9723068776842971
THA,202407,0.0385,38497.0,44.029,15.1403,15140307.0,0.0,9,19,0,0,0,5.974457100560831,0.9974635676074525
THA,202408,0.0673,67332.0,77.008,13.2141,13214089.0,0.0,9,20,0,0,0,5.279879483641708,0.9949327631123225
THA,202409,0.084,84041.0,96.119,14.1541,14154118.0,0.0,9,21,0,0,0,5.1269428149080545,0.9941003364212921
THA,202410,0.1146,114606.0,131.076,16.4244,16424368.0,0.0,9,22,0,0,0,4.965075508724582,0.9930709232722655
THA,202411,0.4246,424615.0,485.637,15.6843,15684343.0,0.0,9,23,0,0,0,3.6092679417336604,0.9736418998193545
THA,202412,0.3067,306743.0,350.825,21.8704,21870387.0,0.0,9,24,0,0,0,4.267019332278183,0.9861704190358523
THA,202501,0.2682,268184.0,306.725,14.655,14655043.0,0.0,9,25,0,0,0,4.000803882297415,0.9820279832743647
THA,202502,0.3481,348142.0,398.174,20.3567,20356680.0,0.0,9,26,0,0,0,4.06867558019554,0.9831874734361115
THA,202503,0.3153,315280.0,360.589,20.6656,20665638.0,0.0,9,27,0,0,0,4.1827011945728865,0.9849720460037462
THA,202504,0.2202,220151.0,251.789,22.1463,22146310.0,0.0,9,28,1,0,0,4.610889494342095,0.9901549191871774
THA,202505,0.1513,151347.0,173.097,23.4517,23451697.0,0.0,9,29,1,0,0,5.043433645122013,0.9935897979070457
THA,202506,0.1559,155866.0,178.266,20.703,20702968.0,0.0,9,30,1,0,0,4.888819120224981,0.9925259721270058
THA,202507,0.3073,307281.0,351.44,23.7197,23719673.0,0.0,9,31,1,0,0,4.346236736340436,0.9872102218337703
THA,202510,0.1976,197638.0,195.82,12.3307,12330712.0,0.0,9,34,1,0,0,4.133602581333715,0.9842277084680284
THA,202511,0.0711,71062.0,70.408,13.2559,13255938.0,0.0,9,35,1,0,0,5.228110678514978,0.994664965858783
THA,202512,0.1187,118701.0,117.609,10.926,10926001.0,0.0,9,36,1,0,0,4.522301247340041,0.9892527637690476
TWN,202301,0.1053,105344.0,117.316,21.0835,21083490.0,0.0,10,1,0,0,0,5.299432603888822,0.9950303934153892
TWN,202302,0.065,65003.0,72.39,18.1148,18114818.0,0.0,10,2,0,0,0,5.630097292798483,0.9964246031309475
TWN,202303,0.1013,101256.0,112.763,18.2584,18258430.0,0.0,10,3,0,0,0,5.19429411583503,0.9944824806505553
TWN,202304,0.0663,66271.0,73.802,15.3831,15383148.0,0.0,10,4,0,0,0,5.446834886025377,0.9957085712066488
TWN,202305,0.0892,89185.0,99.32,27.1948,27194785.0,0.0,10,5,0,0,0,5.719900017950986,0.9967306846503444
TWN,202306,0.5137,513669.0,572.044,19.3586,19358635.0,0.0,10,6,0,0,0,3.629252606692972,0.9741499474142399
TWN,202307,0.0932,93182.0,92.381,24.1255,24125478.0,0.0,10,7,0,0,0,5.556276929689474,0.9961517339906767
TWN,202308,0.0714,71434.0,70.82,50.6616,50661589.0,0.0,10,8,0,0,0,6.564625636814432,0.9985926320146651
TWN,202309,0.0854,85384.0,84.65,32.326,32325992.0,0.0,10,9,0,0,0,5.936281038175229,0.9973651246166473
TWN,202310,0.0491,49126.0,48.704,43.5616,43561599.0,0.0,10,10,0,0,0,6.788072272517679,0.998874129514087
TWN,202311,0.0582,58212.0,57.712,40.2643,40264270.0,0.0,10,11,0,0,0,6.539335144515604,0.9985566371132742
TWN,202312,0.2511,251085.0,249.302,50.9259,50925876.0,0.0,10,12,0,0,0,5.312275647823902,0.9950934990327686
TWN,202401,0.0611,61119.0,60.685,35.0285,35028510.0,0.0,10,13,0,0,0,6.3514054286575385,0.9982587433313573
TWN,202402,0.0146,14568.0,14.465,38.8141,38814129.0,0.0,10,14,0,0,0,7.885517332944393,0.9996239894717052
TWN,202403,0.0211,21096.0,20.946,39.3859,39385859.0,0.0,10,15,0,0,0,7.5318901227336585,0.9994645621336311
TWN,202404,0.0515,51491.0,51.125,46.105,46105017.0,0.0,10,16,0,0,0,6.797094875303551,0.9988842308233944
TWN,202405,0.0867,86692.0,86.076,34.4781,34478064.0,0.0,10,17,0,0,0,5.985625735064477,0.9974916678239133
TWN,202406,0.0836,83615.0,83.021,56.2714,56271356.0,0.0,10,18,0,0,0,6.5118981720698175,0.9985165468902494
TWN,202407,0.1015,101541.0,116.133,54.4652,54465190.0,0.0,10,19,0,0,0,6.285258446110951,0.9981398911790524
TWN,202408,0.0815,81485.0,93.195,16.492,16492043.0,0.0,10,20,0,0,0,5.310027673579974,0.9950825112378195
TWN,202409,0.0979,97950.0,112.026,12.3743,12374254.0,0.0,10,21,0,0,0,4.839430470643964,0.9921505428072033
TWN,202410,0.0432,43208.0,49.417,10.8681,10868124.0,0.0,10,22,0,0,0,5.527746676578833,0.9960408017376481
TWN,202411,0.1415,141483.0,161.816,10.2588,10258769.0,0.0,10,23,0,0,0,4.283591435736896,0.9863946232320221
TWN,202412,0.544,544029.0,622.212,14.3683,14368294.0,0.0,10,24,0,0,0,3.273830423200799,0.9635200472093506
TWN,202501,0.1321,132117.0,151.104,11.6454,11645387.0,0.0,10,25,0,0,0,4.479107319706457,0.9887836977287201
TWN,202502,0.2014,201440.0,230.389,9.853,9853036.0,0.0,10,26,0,0,0,3.8902382760380125,0.9799689688096754
TWN,202503,0.0793,79272.0,90.664,10.0832,10083219.0,0.0,10,27,0,0,0,4.845387822922153,0.9921968019680197
TWN,202504,0.2015,201459.0,230.411,7.9342,7934169.0,0.0,10,28,1,0,0,3.6731484273355393,0.975232616738572
TWN,202505,0.254,253968.0,290.466,6.9124,6912436.0,0.0,10,29,1,0,0,3.3037379121613,0.9645568207189106
TWN,202506,1.2306,1230644.0,1407.5,8.8985,8898484.0,0.0,10,30,1,0,0,1.9783808678836505,0.8785084558351679
TWN,202507,0.957,957018.0,1094.551,10.4619,10461917.0,0.0,10,31,1,0,0,2.3916919740300853,0.9161915771221395
TWN,202508,1.4103,1410329.0,1397.359,9.4994,9499354.0,0.0,10,32,1,0,0,1.907426191001157,0.8707297175907679
TWN,202509,1.2919,1291879.0,1279.998,10.5291,10529104.0,0.0,10,33,1,0,0,2.0980288494235193,0.8907114457321715
TWN,202510,1.3291,1329143.0,1316.919,8.861,8860990.0,0.0,10,34,1,0,0,1.8971576036200153,0.8695694841071235
TWN,202511,2.993,2993008.0,2965.482,10.1511,10151123.0,0.0,10,35,1,0,0,1.2213058451293917,0.7722932722666443
TWN,202512,1.9561,1956051.0,1938.062,12.283,12282966.0,0.0,10,36,1,0,0,1.8372634975067808,0.8626247445414388
VNM,202301,865.0274,865027354.0,963331.874,20.9129,20912876.0,0.0,11,1,0,1,0,-3.722394989284558,0.023605315166270235
VNM,202302,1055.0379,1055037882.0,1174935.816,28.0923,28092291.0,0.0,11,2,0,1,0,-3.625836451998849,0.0259362170863669
VNM,202303,588.4266,588426554.0,655297.26,53.8051,53805115.0,0.0,11,3,0,1,0,-2.3920839368334468,0.0837783310914114
VNM,202304,941.6308,941630807.0,1048640.792,24.992,24992004.0,0.0,11,4,0,1,0,-3.629057492034196,0.025854966383991772
VNM,202305,552.972,552972011.0,615813.548,20.1246,20124587.0,0.0,11,5,0,1,0,-3.3133644199983494,0.03511554596554927
VNM,202306,519.3719,519371897.0,578395.007,25.4342,25434189.0,0.0,11,6,0,1,0,-3.0165254718220504,0.046684866413940665
VNM,202307,885.512,885512048.0,877901.625,18.8504,18850397.0,0.0,11,7,0,1,0,-3.849631874968764,0.02084385640092954
VNM,202308,818.0911,818091057.0,811060.075,20.2859,20285946.0,0.0,11,8,0,1,0,-3.697047636161194,0.024196632302651434
VNM,202309,633.6233,633623282.0,628177.686,22.8125,22812517.0,0.0,11,9,0,1,0,-3.3241459824712583,0.03475206562469628
VNM,202310,586.9427,586942673.0,581898.267,16.2127,16212654.0,0.0,11,10,0,1,0,-3.589132314345118,0.026879805768132065
VNM,202311,397.3752,397375152.0,393959.961,22.2902,22290246.0,0.0,11,11,0,1,0,-2.8807338025427742,0.05311421908977962
VNM,202312,139.9662,139966176.0,138972.238,23.9666,23966605.0,0.0,11,12,0,1,0,-1.7647397704754522,0.146197710281286
VNM,202401,202.9871,202987132.0,201545.666,20.733,20732965.0,0.0,11,13,0,1,0,-2.2814157964472073,0.0926738366378345
VNM,202402,135.7393,135739294.0,134775.373,23.5664,23566368.0,0.0,11,14,0,1,0,-1.750914165591537,0.14793193212797784
VNM,202403,192.518,192518013.0,191150.891,56.0408,56040768.0,0.0,11,15,0,1,0,-1.2341096589654863,0.22546294880728424
VNM,202404,217.1693,217169300.0,215627.122,55.2558,55255825.0,0.0,11,16,0,1,0,-1.3687039214229757,0.20282932813459553
VNM,202405,185.3265,185326524.0,184010.47,62.8255,62825512.0,0.0,11,17,0,1,0,-1.0817580923859547,0.2531734582030368
VNM,202406,203.978,203977966.0,202529.463,84.1479,84147931.0,0.0,11,18,0,1,0,-0.8854361800027694,0.2920525367556336
VNM,202407,170.2165,170216500.0,194678.374,46.7573,46757322.0,0.0,11,19,0,1,0,-1.292100762934075,0.2154974471572144
VNM,202408,201.1541,201154113.0,230062.042,54.118,54117998.0,0.0,11,20,0,1,0,-1.312904433282243,0.21200123319391348
VNM,202409,186.9972,186997179.0,213870.61,75.74,75739991.0,0.0,11,21,0,1,0,-0.9037872210068054,0.2882728445001317
VNM,202410,176.4588,176458827.0,201817.788,55.8058,55805751.0,0.0,11,22,0,1,0,-1.1512096147248794,0.24026821134171975
VNM,202411,174.8771,174877054.0,200008.698,53.3501,53350109.0,0.0,11,23,0,1,0,-1.1872075893308471,0.23375872814458573
VNM,202412,131.6749,131674919.0,150597.968,42.9686,42968648.0,0.0,11,24,0,1,0,-1.119866389537799,0.24603606776089576
VNM,202501,381.4181,381418138.0,436231.874,73.3795,73379469.0,0.0,11,25,0,1,0,-1.6482515437204288,0.16134539848055485
VNM,202502,704.9822,704982189.0,806295.43,63.639,63638964.0,0.0,11,26,0,1,0,-2.404946064308253,0.08279631110877504
VNM,202503,459.4597,459459697.0,525488.814,94.8135,94813470.0,0.0,11,27,0,1,0,-1.5781394297377747,0.1710591455621524
VNM,202504,433.7038,433703783.0,496031.508,230.0349,230034902.0,0.0,11,28,1,1,1,-0.6341307760774474,0.3465744878217889
VNM,202505,553.353,553352980.0,632875.534,186.0455,186045534.0,0.0,11,29,1,1,1,-1.0900048667659186,0.251617361950288
VNM,202506,416.843,416842981.0,476747.634,45.9117,45911692.0,0.0,11,30,1,1,1,-2.205989665559075,0.09921390317591589
VNM,202507,600.3693,600369346.0,686648.638,61.1386,61138642.0,0.0,11,31,1,1,1,-2.2844015479394657,0.09242308368501721
VNM,202508,671.6404,671640433.0,665463.597,57.3854,57385384.0,0.0,11,32,1,1,1,-2.4599331626772325,0.07871518401680708
VNM,202509,534.8136,534813625.0,529895.136,59.0261,59026059.0,0.0,11,33,1,1,1,-2.203938556002725,0.09939736262159636
VNM,202510,489.6266,489626589.0,485123.669,71.6921,71692129.0,0.0,11,34,1,1,1,-1.9212624995635013,0.12772084735463116
VNM,202511,319.0724,319072377.0,316137.983,50.5207,50520693.0,0.0,11,35,1,1,1,-1.8430348829961876,0.1366927575217178
VNM,202512,325.4396,325439580.0,322446.629,57.8048,57804830.0,0.0,11,36,1,1,1,-1.7281050665412412,0.15083012302332402
